,Major,Gender,Admission
0,C,F,Rejected
1,B,M,Accepted
6,F,F,Accepted
9,A,M,Accepted
11,B,M,Accepted
12,C,M,Rejected
13,A,M,Rejected
16,A,M,Accepted
19,F,M,Rejected
21,C,M,Accepted
22,C,F,Rejected
28,C,M,Rejected
31,F,F,Rejected
32,F,M,Rejected
33,D,M,Rejected
37,C,F,Accepted
40,A,M,Rejected
42,A,M,Accepted
43,A,M,Rejected
47,F,M,Rejected
55,A,M,Rejected
58,C,F,Accepted
62,C,F,Rejected
66,E,M,Rejected
67,B,M,Rejected
68,A,M,Rejected
69,D,M,Accepted
70,C,F,Rejected
72,C,F,Rejected
73,C,M,Rejected
74,F,F,Rejected
76,B,M,Accepted
77,D,F,Rejected
83,D,F,Rejected
84,C,F,Accepted
85,C,F,Rejected
86,F,M,Rejected
91,C,M,Accepted
92,E,F,Accepted
93,F,F,Rejected
94,C,F,Accepted
97,D,M,Rejected
100,A,M,Accepted
103,B,M,Accepted
105,D,F,Rejected
107,D,M,Rejected
108,B,M,Rejected
109,F,M,Rejected
110,C,F,Accepted
114,D,F,Rejected
116,C,F,Rejected
117,F,M,Rejected
119,B,M,Rejected
122,A,M,Accepted
124,D,F,Rejected
125,D,F,Accepted
126,E,M,Accepted
127,D,M,Rejected
132,C,F,Rejected
133,B,M,Rejected
135,A,M,Rejected
137,F,M,Rejected
138,E,F,Accepted
139,E,F,Rejected
140,A,M,Accepted
142,F,M,Accepted
143,C,M,Accepted
144,A,M,Accepted
149,A,M,Accepted
150,E,M,Rejected
151,E,F,Rejected
152,B,M,Accepted
153,C,F,Accepted
155,A,F,Accepted
156,E,F,Rejected
157,A,M,Accepted
159,D,M,Rejected
161,D,M,Rejected
162,B,M,Rejected
164,A,M,Rejected
165,A,M,Accepted
166,B,M,Accepted
178,A,M,Accepted
181,A,M,Rejected
182,C,M,Rejected
184,B,M,Rejected
190,E,F,Accepted
192,F,F,Rejected
194,C,F,Rejected
197,A,M,Accepted
199,C,F,Rejected
201,A,M,Rejected
203,F,M,Rejected
204,A,M,Accepted
207,C,F,Rejected
208,A,M,Accepted
210,A,M,Accepted
213,A,M,Accepted
214,C,F,Accepted
218,F,M,Rejected
219,A,M,Rejected
220,E,F,Rejected
233,E,F,Accepted
235,F,M,Rejected
236,D,F,Rejected
237,D,F,Rejected
239,F,M,Rejected
242,B,M,Accepted
244,D,F,Accepted
245,A,M,Accepted
251,F,F,Rejected
261,A,M,Accepted
262,F,F,Rejected
266,A,M,Accepted
268,B,M,Accepted
270,E,F,Rejected
273,F,M,Rejected
274,D,F,Rejected
276,B,M,Accepted
277,A,F,Accepted
282,F,F,Rejected
286,B,M,Accepted
290,F,M,Rejected
293,F,M,Rejected
294,A,M,Rejected
302,C,M,Rejected
314,A,M,Rejected
316,C,F,Accepted
317,A,M,Accepted
318,F,M,Rejected
319,B,M,Accepted
321,B,M,Accepted
322,A,M,Rejected
335,E,F,Rejected
340,C,F,Rejected
343,B,M,Accepted
344,A,M,Rejected
345,F,M,Rejected
346,C,F,Rejected
347,A,M,Accepted
351,C,F,Rejected
353,E,F,Accepted
363,A,M,Accepted
364,C,F,Rejected
365,D,M,Rejected
367,F,M,Rejected
368,D,F,Accepted
369,A,F,Accepted
370,F,F,Rejected
373,A,M,Rejected
374,C,F,Rejected
378,A,M,Accepted
382,B,M,Rejected
387,E,M,Rejected
388,C,F,Rejected
391,D,F,Rejected
393,F,F,Accepted
396,A,M,Accepted
401,A,M,Accepted
402,E,F,Accepted
404,D,F,Rejected
406,B,M,Rejected
409,A,M,Rejected
411,E,F,Rejected
412,A,M,Accepted
416,D,M,Rejected
420,F,M,Rejected
421,D,F,Accepted
425,E,M,Rejected
426,F,M,Rejected
428,E,M,Rejected
429,B,M,Rejected
443,E,F,Accepted
444,C,F,Rejected
445,B,M,Accepted
451,F,F,Rejected
455,A,M,Rejected
457,B,M,Rejected
458,C,F,Rejected
460,B,M,Accepted
461,D,F,Accepted
465,E,F,Accepted
469,D,M,Accepted
473,C,F,Rejected
475,E,M,Accepted
481,A,M,Accepted
482,B,M,Accepted
490,A,M,Rejected
491,A,F,Accepted
494,E,M,Rejected
496,B,M,Accepted
498,F,M,Rejected
500,A,M,Accepted
502,C,F,Rejected
505,A,M,Accepted
507,F,M,Rejected
508,A,F,Accepted
511,B,M,Accepted
512,B,M,Accepted
513,D,M,Rejected
516,B,M,Rejected
517,C,F,Rejected
518,D,F,Rejected
528,D,F,Rejected
533,A,M,Accepted
537,D,M,Rejected
539,A,F,Accepted
540,B,M,Accepted
549,A,M,Accepted
554,A,M,Accepted
556,F,M,Rejected
557,D,F,Rejected
559,A,M,Rejected
560,B,M,Accepted
561,A,M,Accepted
562,B,M,Accepted
563,C,F,Rejected
567,E,F,Rejected
568,D,M,Rejected
569,A,M,Accepted
570,D,F,Rejected
571,C,F,Accepted
573,C,M,Rejected
576,B,M,Rejected
580,D,M,Rejected
582,D,M,Accepted
588,B,M,Accepted
594,C,F,Accepted
597,D,M,Rejected
598,A,M,Accepted
599,A,F,Accepted
602,A,M,Accepted
604,F,M,Rejected
605,F,M,Rejected
606,A,M,Accepted
607,D,F,Rejected
608,D,M,Accepted
612,D,F,Rejected
613,F,M,Rejected
617,A,M,Accepted
619,A,M,Accepted
623,F,M,Rejected
624,A,M,Accepted
630,C,F,Rejected
633,E,M,Accepted
635,C,M,Rejected
636,A,M,Accepted
639,A,M,Accepted
643,E,F,Rejected
647,A,M,Accepted
653,C,F,Accepted
655,A,M,Accepted
664,A,F,Rejected
665,A,M,Accepted
666,A,M,Rejected
669,D,F,Rejected
670,A,M,Rejected
672,D,M,Rejected
679,E,F,Rejected
681,E,M,Accepted
687,F,F,Rejected
690,E,F,Rejected
691,E,F,Rejected
692,A,M,Accepted
694,E,M,Rejected
697,A,F,Accepted
699,D,M,Rejected
702,A,M,Accepted
707,A,M,Accepted
709,A,M,Accepted
710,A,M,Rejected
711,D,F,Accepted
712,A,M,Rejected
713,D,F,Accepted
714,A,M,Rejected
719,A,M,Accepted
722,D,F,Accepted
723,A,M,Accepted
725,A,M,Accepted
727,C,F,Rejected
728,A,M,Rejected
733,E,M,Rejected
734,F,F,Rejected
737,A,M,Rejected
738,A,M,Accepted
740,F,F,Rejected
745,F,F,Rejected
747,C,F,Rejected
748,D,F,Rejected
750,F,F,Rejected
752,D,M,Rejected
757,E,M,Rejected
760,F,M,Rejected
764,B,M,Rejected
777,C,F,Rejected
781,D,M,Rejected
782,E,F,Rejected
787,B,M,Accepted
791,E,F,Rejected
796,C,F,Rejected
802,D,M,Rejected
804,D,F,Accepted
805,C,M,Accepted
806,E,F,Rejected
807,D,M,Rejected
808,E,M,Rejected
811,E,F,Accepted
813,A,M,Accepted
815,A,M,Accepted
816,A,M,Accepted
817,A,M,Rejected
822,E,F,Rejected
824,F,M,Rejected
825,D,M,Rejected
829,F,F,Accepted
830,D,F,Rejected
831,B,M,Rejected
832,B,M,Accepted
833,A,M,Rejected
836,B,M,Rejected
837,C,F,Rejected
840,A,F,Accepted
848,E,F,Accepted
863,E,F,Rejected
865,B,M,Rejected
866,D,F,Rejected
867,F,M,Rejected
868,F,F,Rejected
872,C,M,Rejected
875,C,M,Rejected
877,C,M,Accepted
878,B,M,Rejected
881,E,F,Rejected
882,F,F,Rejected
885,C,F,Accepted
886,E,F,Rejected
894,C,F,Rejected
898,D,F,Accepted
899,F,F,Rejected
900,D,F,Rejected
901,C,M,Rejected
902,C,F,Rejected
909,F,F,Rejected
915,D,M,Rejected
916,E,F,Rejected
924,C,M,Rejected
929,D,M,Rejected
931,F,F,Rejected
934,D,F,Rejected
935,C,F,Rejected
936,A,M,Accepted
938,D,F,Rejected
940,C,M,Rejected
942,A,M,Accepted
943,A,M,Rejected
946,F,M,Rejected
947,C,F,Rejected
948,D,F,Rejected
950,E,F,Rejected
951,E,M,Rejected
953,A,M,Accepted
955,E,M,Rejected
956,F,M,Accepted
958,C,F,Rejected
959,D,M,Rejected
960,A,M,Accepted
961,C,F,Accepted
962,A,M,Rejected
964,E,M,Rejected
965,B,M,Accepted
967,A,M,Accepted
974,C,F,Accepted
975,D,M,Rejected
976,C,F,Accepted
978,A,M,Accepted
983,C,F,Rejected
984,A,M,Accepted
985,B,M,Accepted
987,F,F,Rejected
988,A,M,Rejected
989,A,M,Accepted
993,D,M,Rejected
997,A,F,Accepted
998,C,F,Rejected
999,E,M,Rejected
1000,C,M,Rejected
1002,C,F,Rejected
1004,A,M,Accepted
1005,C,F,Rejected
1006,F,M,Rejected
1010,A,M,Rejected
1011,A,M,Accepted
1014,D,F,Rejected
1016,B,M,Rejected
1017,D,F,Accepted
1019,D,M,Rejected
1020,C,F,Accepted
1021,D,F,Rejected
1023,E,M,Rejected
1024,A,M,Accepted
1025,A,M,Accepted
1026,C,M,Accepted
1027,A,M,Accepted
1028,C,F,Accepted
1029,E,F,Rejected
1030,A,M,Accepted
1032,F,M,Rejected
1033,C,F,Rejected
1035,F,F,Rejected
1036,A,M,Accepted
1038,D,F,Rejected
1042,F,F,Accepted
1052,B,M,Rejected
1053,E,F,Rejected
1054,C,F,Accepted
1055,A,M,Accepted
1056,A,M,Accepted
1061,D,M,Rejected
1069,F,F,Rejected
1075,A,M,Accepted
1078,F,F,Rejected
1080,A,M,Accepted
1083,C,F,Accepted
1085,F,M,Rejected
1087,C,F,Accepted
1089,A,M,Accepted
1096,C,M,Rejected
1098,A,M,Accepted
1099,A,M,Accepted
1102,D,M,Accepted
1103,A,M,Accepted
1107,D,M,Rejected
1110,B,F,Accepted
1114,C,M,Accepted
1120,B,M,Accepted
1123,C,M,Rejected
1128,C,F,Accepted
1129,F,F,Rejected
1131,A,M,Accepted
1140,A,M,Accepted
1142,C,M,Rejected
1143,A,M,Accepted
1144,F,F,Rejected
1145,A,M,Accepted
1146,B,M,Accepted
1147,F,M,Rejected
1151,A,M,Accepted
1153,C,F,Accepted
1157,B,M,Accepted
1159,A,M,Accepted
1160,A,M,Rejected
1161,D,M,Rejected
1166,C,M,Accepted
1173,F,M,Rejected
1175,F,F,Rejected
1179,A,M,Accepted
1184,A,M,Accepted
1185,A,M,Accepted
1186,B,F,Accepted
1189,D,F,Rejected
1190,F,F,Rejected
1192,D,M,Rejected
1195,D,M,Rejected
1198,F,F,Rejected
1199,D,F,Accepted
1200,D,F,Accepted
1202,E,F,Rejected
1204,B,M,Rejected
1206,A,M,Accepted
1207,C,M,Rejected
1208,C,F,Accepted
1211,E,M,Accepted
1214,F,M,Rejected
1215,C,F,Rejected
1220,F,F,Rejected
1222,C,F,Rejected
1228,C,F,Rejected
1234,F,F,Rejected
1236,A,M,Accepted
1237,A,M,Accepted
1238,A,M,Accepted
1244,D,M,Rejected
1250,F,F,Rejected
1251,C,F,Rejected
1252,A,M,Rejected
1255,A,M,Accepted
1258,B,M,Rejected
1260,A,M,Accepted
1261,F,F,Rejected
1264,E,F,Rejected
1266,F,M,Rejected
1268,D,F,Rejected
1270,A,M,Accepted
1274,D,F,Accepted
1275,E,F,Accepted
1276,D,F,Rejected
1279,D,M,Rejected
1281,C,M,Accepted
1283,D,M,Rejected
1284,E,M,Accepted
1286,D,M,Accepted
1289,A,F,Accepted
1292,A,M,Accepted
1294,D,M,Rejected
1296,D,M,Rejected
1298,D,M,Rejected
1299,B,M,Accepted
1300,A,M,Rejected
1304,C,M,Rejected
1305,E,F,Rejected
1306,A,M,Accepted
1309,D,F,Accepted
1314,F,M,Rejected
1315,D,F,Rejected
1316,C,F,Rejected
1317,B,M,Accepted
1318,D,F,Rejected
1319,D,F,Rejected
1321,C,F,Rejected
1328,C,F,Rejected
1330,A,M,Accepted
1331,A,F,Accepted
1332,B,M,Accepted
1335,F,M,Rejected
1340,C,F,Rejected
1341,C,M,Rejected
1349,A,M,Accepted
1357,A,M,Accepted
1359,D,M,Accepted
1361,F,F,Rejected
1363,C,F,Rejected
1364,D,M,Rejected
1365,F,F,Rejected
1368,A,M,Accepted
1370,C,F,Rejected
1375,F,F,Accepted
1378,A,M,Accepted
1382,C,F,Rejected
1385,D,M,Accepted
1386,A,M,Accepted
1388,D,M,Rejected
1391,A,M,Rejected
1392,D,F,Accepted
1393,F,M,Rejected
1395,C,M,Rejected
1397,A,M,Accepted
1398,A,M,Accepted
1399,F,M,Rejected
1404,A,M,Accepted
1406,C,F,Rejected
1408,A,M,Accepted
1410,A,M,Accepted
1413,F,F,Rejected
1414,F,F,Rejected
1415,E,F,Rejected
1419,C,F,Rejected
1420,A,M,Rejected
1422,A,M,Accepted
1423,F,F,Rejected
1430,D,F,Accepted
1435,A,M,Accepted
1436,B,F,Rejected
1440,B,M,Rejected
1446,D,M,Rejected
1450,C,F,Accepted
1452,A,M,Rejected
1454,F,F,Rejected
1460,A,M,Accepted
1461,F,M,Rejected
1463,D,F,Accepted
1465,C,F,Accepted
1475,C,F,Rejected
1477,C,M,Rejected
1481,C,M,Rejected
1482,C,F,Accepted
1489,B,M,Rejected
1493,A,M,Accepted
1494,D,M,Rejected
1502,E,F,Rejected
1504,E,F,Rejected
1506,E,M,Rejected
1508,C,F,Accepted
1511,C,F,Rejected
1512,A,M,Accepted
1514,C,M,Rejected
1515,F,M,Rejected
1519,F,M,Rejected
1523,F,F,Rejected
1524,D,M,Rejected
1525,C,F,Rejected
1527,D,F,Accepted
1528,B,M,Rejected
1533,C,F,Accepted
1534,D,F,Rejected
1541,B,M,Accepted
1543,A,M,Accepted
1544,A,M,Accepted
1547,C,F,Rejected
1549,D,F,Accepted
1553,B,M,Accepted
1554,C,F,Accepted
1557,D,F,Rejected
1558,E,M,Rejected
1561,C,M,Accepted
1564,D,M,Rejected
1569,F,M,Accepted
1570,A,M,Accepted
1573,A,M,Accepted
1575,B,M,Accepted
1576,F,M,Rejected
1578,F,F,Rejected
1580,D,M,Accepted
1584,A,M,Accepted
1586,A,M,Accepted
1588,B,M,Rejected
1589,B,M,Rejected
1596,D,M,Rejected
1604,E,M,Rejected
1607,C,F,Rejected
1610,C,F,Rejected
1612,E,F,Rejected
1613,D,F,Accepted
1614,F,M,Rejected
1616,C,F,Accepted
1620,A,M,Rejected
1621,A,M,Rejected
1623,A,M,Rejected
1631,D,M,Accepted
1632,A,M,Accepted
1642,B,M,Rejected
1643,B,M,Accepted
1645,C,M,Rejected
1646,D,M,Rejected
1657,E,F,Accepted
1658,F,M,Rejected
1659,C,F,Rejected
1660,D,F,Rejected
1665,D,M,Accepted
1669,C,M,Accepted
1672,A,F,Accepted
1674,F,M,Rejected
1676,C,M,Accepted
1677,A,M,Rejected
1678,C,F,Rejected
1680,F,M,Rejected
1684,A,M,Rejected
1685,E,F,Rejected
1688,C,M,Accepted
1689,C,F,Rejected
1691,D,F,Rejected
1693,E,F,Rejected
1694,C,M,Rejected
1697,A,M,Accepted
1698,A,M,Rejected
1700,A,M,Accepted
1701,A,M,Rejected
1703,C,M,Rejected
1709,E,F,Accepted
1713,F,M,Rejected
1715,D,M,Accepted
1718,C,F,Rejected
1722,B,M,Rejected
1725,C,M,Accepted
1726,C,M,Rejected
1727,C,M,Rejected
1732,D,F,Rejected
1736,C,F,Rejected
1738,C,M,Accepted
1739,D,F,Accepted
1741,A,M,Accepted
1747,C,F,Accepted
1749,D,F,Rejected
1750,A,M,Accepted
1756,F,F,Rejected
1757,B,M,Accepted
1758,F,F,Rejected
1761,D,M,Rejected
1762,C,F,Rejected
1763,F,M,Rejected
1768,E,F,Rejected
1771,A,F,Accepted
1776,A,M,Rejected
1781,B,M,Accepted
1783,C,M,Rejected
1796,E,M,Rejected
1799,A,M,Accepted
1802,A,M,Rejected
1803,A,F,Accepted
1806,C,F,Rejected
1807,E,M,Rejected
1810,A,M,Accepted
1820,A,M,Accepted
1825,B,M,Accepted
1827,D,F,Accepted
1828,D,M,Rejected
1832,D,M,Rejected
1834,C,F,Accepted
1836,E,M,Rejected
1838,B,M,Accepted
1840,D,M,Rejected
1843,C,F,Rejected
1846,D,F,Rejected
1847,E,M,Rejected
1851,B,M,Rejected
1852,B,M,Rejected
1853,C,F,Rejected
1857,E,M,Rejected
1860,E,F,Rejected
1861,A,M,Accepted
1865,F,M,Rejected
1866,C,F,Accepted
1867,B,M,Rejected
1869,A,M,Rejected
1870,C,F,Rejected
1879,B,M,Rejected
1883,A,M,Accepted
1884,E,M,Rejected
1887,A,M,Accepted
1893,C,F,Rejected
1894,A,M,Accepted
1896,F,F,Rejected
1897,A,M,Accepted
1898,B,M,Accepted
1899,A,M,Accepted
1902,F,M,Rejected
1903,E,F,Rejected
1906,C,M,Accepted
1913,A,M,Rejected
1916,D,M,Rejected
1917,F,F,Rejected
1918,F,M,Rejected
1923,B,M,Accepted
1927,E,F,Rejected
1929,C,M,Rejected
1933,A,M,Accepted
1934,A,M,Accepted
1937,D,M,Rejected
1942,F,F,Rejected
1944,F,M,Rejected
1947,A,F,Rejected
1956,E,F,Accepted
1959,A,M,Rejected
1960,C,M,Rejected
1963,D,F,Rejected
1964,C,F,Rejected
1965,D,F,Accepted
1966,B,M,Rejected
1975,F,F,Rejected
1977,A,M,Rejected
1978,F,M,Rejected
1979,F,M,Rejected
1981,C,M,Rejected
1982,C,F,Rejected
1988,F,F,Rejected
1992,C,F,Rejected
1993,F,M,Rejected
1995,A,M,Accepted
1996,C,M,Accepted
2000,F,F,Accepted
2003,A,M,Accepted
2004,F,F,Rejected
2012,D,F,Accepted
2013,C,M,Rejected
2016,B,M,Rejected
2020,A,M,Rejected
2021,A,M,Accepted
2023,F,M,Rejected
2024,F,F,Rejected
2026,E,F,Rejected
2027,C,M,Rejected
2029,C,F,Rejected
2030,D,F,Accepted
2035,A,M,Accepted
2044,D,F,Rejected
2045,B,M,Accepted
2048,A,M,Rejected
2052,C,M,Rejected
2059,F,M,Rejected
2061,A,M,Accepted
2066,B,M,Rejected
2067,F,M,Rejected
2070,C,F,Rejected
2071,C,F,Rejected
2076,D,F,Rejected
2080,A,M,Rejected
2082,A,M,Accepted
2083,D,F,Rejected
2085,B,M,Rejected
2087,B,M,Rejected
2090,C,F,Rejected
2092,A,M,Rejected
2095,A,M,Accepted
2096,E,M,Rejected
2104,A,F,Accepted
2106,C,M,Rejected
2108,D,M,Accepted
2110,D,F,Rejected
2111,B,M,Accepted
2119,E,F,Rejected
2120,A,M,Rejected
2126,E,F,Accepted
2130,A,M,Accepted
2133,E,F,Rejected
2135,B,M,Rejected
2136,C,F,Rejected
2137,F,M,Rejected
2141,E,F,Rejected
2144,D,F,Accepted
2145,F,F,Rejected
2146,D,M,Rejected
2151,F,F,Rejected
2153,A,M,Rejected
2154,A,M,Accepted
2156,A,M,Accepted
2159,A,M,Accepted
2168,F,M,Rejected
2177,A,M,Accepted
2178,F,F,Rejected
2182,B,M,Accepted
2185,D,M,Rejected
2192,E,M,Accepted
2193,D,F,Rejected
2195,A,M,Accepted
2196,D,F,Rejected
2197,A,M,Accepted
2199,B,M,Accepted
2204,E,M,Rejected
2209,B,M,Rejected
2211,B,M,Accepted
2212,A,M,Rejected
2217,E,F,Accepted
2220,C,F,Rejected
2225,C,M,Accepted
2229,D,F,Rejected
2232,D,F,Rejected
2237,B,M,Rejected
2239,C,M,Accepted
2247,A,M,Rejected
2249,F,F,Rejected
2251,E,F,Rejected
2252,D,M,Rejected
2254,D,M,Accepted
2255,E,F,Rejected
2258,A,M,Accepted
2261,D,F,Rejected
2263,A,M,Rejected
2264,D,F,Accepted
2265,A,M,Rejected
2267,E,F,Rejected
2270,D,M,Rejected
2275,A,M,Accepted
2278,C,F,Rejected
2281,E,M,Rejected
2282,A,M,Rejected
2284,A,M,Rejected
2286,F,F,Rejected
2288,B,M,Accepted
2289,E,F,Rejected
2291,A,M,Rejected
2293,B,M,Rejected
2300,F,M,Accepted
2306,F,F,Rejected
2307,B,M,Rejected
2308,E,M,Rejected
2309,F,M,Accepted
2319,D,F,Rejected
2320,C,F,Rejected
2323,A,M,Accepted
2325,A,M,Rejected
2328,F,M,Rejected
2330,C,F,Rejected
2331,C,M,Accepted
2332,A,M,Accepted
2334,F,F,Rejected
2336,E,F,Rejected
2340,C,M,Rejected
2341,F,F,Rejected
2345,F,M,Rejected
2347,A,M,Accepted
2351,E,M,Rejected
2354,B,M,Rejected
2360,A,M,Accepted
2363,B,M,Rejected
2372,F,M,Rejected
2375,E,F,Rejected
2383,A,M,Accepted
2386,B,M,Accepted
2387,C,F,Rejected
2390,C,F,Rejected
2391,F,F,Rejected
2399,C,F,Accepted
2401,A,M,Accepted
2402,C,M,Rejected
2403,E,F,Rejected
2404,F,M,Rejected
2406,A,M,Accepted
2411,D,F,Rejected
2412,B,F,Accepted
2415,E,F,Rejected
2423,E,F,Rejected
2428,A,M,Rejected
2429,D,F,Accepted
2430,E,F,Rejected
2433,A,M,Accepted
2435,B,M,Accepted
2436,C,F,Rejected
2437,E,F,Rejected
2439,A,M,Rejected
2440,C,F,Rejected
2441,E,F,Rejected
2444,A,M,Rejected
2447,E,F,Rejected
2450,B,M,Accepted
2454,E,M,Accepted
2455,C,M,Accepted
2458,C,M,Rejected
2459,B,M,Accepted
2461,F,M,Rejected
2462,B,M,Rejected
2465,C,M,Accepted
2467,D,M,Rejected
2469,C,F,Accepted
2471,C,F,Rejected
2475,E,F,Accepted
2477,C,F,Rejected
2482,C,M,Accepted
2483,A,M,Rejected
2485,D,M,Rejected
2489,D,M,Accepted
2490,F,M,Rejected
2497,B,M,Accepted
2499,D,M,Rejected
2501,C,M,Rejected
2505,A,M,Accepted
2506,B,M,Accepted
2508,E,F,Rejected
2511,A,M,Accepted
2513,B,M,Accepted
2516,B,M,Accepted
2519,D,M,Rejected
2532,B,M,Accepted
2534,E,F,Rejected
2535,E,F,Rejected
2538,B,M,Accepted
2539,D,M,Rejected
2545,A,M,Accepted
2556,C,M,Rejected
2557,D,M,Rejected
2559,F,M,Rejected
2560,B,M,Accepted
2561,E,F,Rejected
2564,C,F,Accepted
2565,D,M,Rejected
2566,A,M,Accepted
2567,F,F,Rejected
2572,B,M,Rejected
2576,C,M,Rejected
2579,E,M,Accepted
2580,F,F,Accepted
2581,A,M,Accepted
2583,C,F,Rejected
2584,A,M,Accepted
2586,A,M,Rejected
2587,D,F,Rejected
2588,E,F,Accepted
2590,A,M,Accepted
2591,B,M,Accepted
2592,A,M,Accepted
2595,B,M,Accepted
2596,D,M,Rejected
2597,C,M,Accepted
2598,D,M,Accepted
2600,A,M,Rejected
2602,F,M,Rejected
2603,A,M,Accepted
2605,B,M,Rejected
2606,A,M,Accepted
2607,D,M,Rejected
2611,C,F,Accepted
2613,A,M,Accepted
2615,C,F,Rejected
2619,A,M,Accepted
2623,D,F,Accepted
2627,D,M,Rejected
2639,A,M,Accepted
2640,E,M,Rejected
2642,E,M,Accepted
2643,A,M,Accepted
2644,A,M,Rejected
2645,A,M,Rejected
2647,C,M,Rejected
2648,B,M,Accepted
2649,C,F,Accepted
2653,F,M,Rejected
2654,B,M,Accepted
2658,B,M,Accepted
2659,A,M,Accepted
2660,D,F,Rejected
2667,C,M,Accepted
2668,B,M,Rejected
2669,E,F,Rejected
2670,A,M,Accepted
2671,B,M,Rejected
2673,C,F,Rejected
2677,A,M,Accepted
2680,A,M,Rejected
2682,A,M,Rejected
2686,D,M,Rejected
2687,F,F,Rejected
2691,F,F,Rejected
2695,A,M,Accepted
2698,D,F,Rejected
2699,F,M,Rejected
2700,D,F,Accepted
2701,F,M,Rejected
2702,A,M,Accepted
2704,C,F,Accepted
2710,B,M,Accepted
2711,F,M,Rejected
2713,F,F,Rejected
2718,B,F,Rejected
2719,A,M,Rejected
2722,A,M,Accepted
2723,C,F,Rejected
2724,D,M,Accepted
2727,C,M,Rejected
2730,F,M,Rejected
2734,F,F,Rejected
2735,E,F,Rejected
2736,F,F,Rejected
2746,F,M,Rejected
2748,F,F,Rejected
2752,E,M,Rejected
2755,B,M,Rejected
2756,C,F,Rejected
2758,E,F,Accepted
2759,C,M,Accepted
2762,B,M,Accepted
2763,D,M,Rejected
2764,A,M,Accepted
2775,A,M,Accepted
2778,B,M,Accepted
2779,F,M,Accepted
2781,F,M,Rejected
2782,A,M,Accepted
2783,D,M,Accepted
2785,E,F,Rejected
2790,A,M,Accepted
2791,E,F,Rejected
2794,C,F,Rejected
2798,D,M,Accepted
2804,B,M,Rejected
2805,D,F,Accepted
2806,A,F,Accepted
2810,D,F,Rejected
2814,C,M,Rejected
2815,A,M,Accepted
2816,F,M,Rejected
2819,D,M,Rejected
2824,D,M,Accepted
2825,B,M,Rejected
2827,A,M,Rejected
2833,D,F,Accepted
2834,D,F,Accepted
2835,F,F,Rejected
2836,E,M,Accepted
2844,E,M,Accepted
2846,D,F,Rejected
2847,F,F,Rejected
2850,E,F,Accepted
2851,A,M,Accepted
2852,D,F,Rejected
2854,E,M,Rejected
2860,F,F,Rejected
2863,D,F,Rejected
2864,D,F,Rejected
2865,C,F,Rejected
2867,E,M,Rejected
2868,A,M,Accepted
2876,D,M,Rejected
2877,A,M,Rejected
2878,A,M,Accepted
2883,E,M,Rejected
2885,F,F,Rejected
2890,D,M,Accepted
2896,B,M,Accepted
2898,F,M,Rejected
2903,F,M,Rejected
2905,F,M,Rejected
2906,A,M,Rejected
2908,C,F,Rejected
2913,C,F,Rejected
2914,A,M,Accepted
2920,C,F,Rejected
2921,D,F,Rejected
2927,F,F,Rejected
2930,D,F,Rejected
2933,C,F,Accepted
2934,D,M,Rejected
2935,E,M,Accepted
2936,C,F,Rejected
2937,A,M,Accepted
2938,D,M,Rejected
2940,E,F,Rejected
2941,A,M,Rejected
2947,F,M,Rejected
2949,E,F,Accepted
2952,A,M,Rejected
2954,D,M,Accepted
2955,D,M,Rejected
2956,C,F,Rejected
2957,F,F,Rejected
2958,B,M,Accepted
2961,F,F,Rejected
2963,B,M,Accepted
2964,E,M,Rejected
2973,D,F,Rejected
2976,D,F,Rejected
2978,A,M,Accepted
2986,F,M,Rejected
2993,A,M,Accepted
2994,D,M,Accepted
2995,A,M,Accepted
2997,D,F,Rejected
2999,F,M,Rejected
3004,B,M,Accepted
3006,D,M,Rejected
3016,C,F,Rejected
3017,E,F,Rejected
3023,E,F,Rejected
3024,E,F,Rejected
3025,E,F,Rejected
3026,C,F,Rejected
3027,D,F,Accepted
3031,D,M,Accepted
3032,A,M,Rejected
3034,C,F,Accepted
3037,C,F,Rejected
3038,C,F,Accepted
3039,C,F,Accepted
3040,C,F,Accepted
3043,E,F,Rejected
3044,A,M,Accepted
3046,B,M,Accepted
3049,F,M,Rejected
3053,B,M,Rejected
3055,B,M,Accepted
3057,A,M,Accepted
3060,E,F,Rejected
3061,C,F,Accepted
3068,A,M,Rejected
3069,C,F,Rejected
3070,A,M,Rejected
3075,F,M,Rejected
3077,A,M,Rejected
3079,D,F,Accepted
3080,F,M,Rejected
3081,B,M,Rejected
3082,E,F,Rejected
3088,B,M,Accepted
3089,D,M,Rejected
3091,E,M,Accepted
3093,C,F,Accepted
3094,C,M,Accepted
3096,C,F,Rejected
3111,E,F,Accepted
3112,F,F,Rejected
3113,D,M,Rejected
3114,C,M,Rejected
3117,D,M,Rejected
3122,D,M,Rejected
3124,B,M,Rejected
3125,C,F,Rejected
3127,A,M,Accepted
3128,D,F,Rejected
3130,D,M,Rejected
3132,D,F,Rejected
3133,F,F,Rejected
3135,E,F,Accepted
3136,C,F,Rejected
3144,A,M,Rejected
3145,E,F,Accepted
3147,A,M,Rejected
3150,D,F,Rejected
3152,C,F,Rejected
3153,B,M,Accepted
3154,F,F,Rejected
3157,C,F,Rejected
3159,E,F,Accepted
3162,B,M,Accepted
3166,C,F,Rejected
3168,A,M,Accepted
3169,D,F,Rejected
3172,E,M,Rejected
3176,F,F,Rejected
3179,A,F,Accepted
3182,D,M,Rejected
3183,B,M,Accepted
3185,E,F,Accepted
3193,E,F,Rejected
3196,F,F,Rejected
3199,A,M,Accepted
3201,B,M,Accepted
3202,A,M,Accepted
3203,B,M,Accepted
3204,B,M,Accepted
3206,A,M,Accepted
3208,B,F,Accepted
3209,A,F,Accepted
3211,C,F,Rejected
3214,A,F,Rejected
3215,A,M,Accepted
3216,C,M,Rejected
3218,C,F,Rejected
3219,D,F,Rejected
3220,A,M,Accepted
3222,E,F,Accepted
3231,F,M,Rejected
3235,C,M,Rejected
3236,D,F,Rejected
3238,D,F,Accepted
3239,C,F,Rejected
3240,A,M,Accepted
3245,D,M,Accepted
3247,A,M,Accepted
3248,D,M,Rejected
3250,E,F,Rejected
3252,C,F,Accepted
3253,B,M,Accepted
3259,C,F,Accepted
3262,E,F,Rejected
3265,E,M,Rejected
3267,A,M,Accepted
3268,A,M,Rejected
3270,F,F,Rejected
3272,A,M,Accepted
3273,F,F,Rejected
3278,A,M,Rejected
3279,C,M,Rejected
3283,A,M,Accepted
3284,C,F,Rejected
3289,C,F,Rejected
3291,A,M,Accepted
3293,E,M,Rejected
3294,F,M,Rejected
3297,E,M,Rejected
3301,D,M,Rejected
3302,B,M,Accepted
3305,C,F,Rejected
3308,B,M,Rejected
3309,D,M,Rejected
3311,A,M,Accepted
3313,E,F,Rejected
3317,A,M,Accepted
3319,C,F,Accepted
3321,A,F,Accepted
3322,E,F,Rejected
3323,C,M,Rejected
3324,C,F,Rejected
3325,C,M,Rejected
3326,D,M,Accepted
3327,B,M,Accepted
3330,C,M,Rejected
3337,C,F,Accepted
3339,C,F,Rejected
3341,E,F,Rejected
3343,E,M,Rejected
3346,C,F,Accepted
3347,E,F,Rejected
3350,B,M,Accepted
3351,A,F,Accepted
3353,B,M,Accepted
3355,C,F,Accepted
3358,B,M,Rejected
3359,C,F,Rejected
3360,B,M,Rejected
3364,E,F,Rejected
3366,D,M,Rejected
3371,C,F,Accepted
3372,A,M,Rejected
3373,C,M,Rejected
3374,C,F,Rejected
3376,A,M,Accepted
3383,A,M,Accepted
3385,F,M,Rejected
3389,D,M,Accepted
3393,A,M,Accepted
3394,B,M,Rejected
3401,F,F,Rejected
3402,F,F,Rejected
3403,A,M,Accepted
3405,C,F,Accepted
3407,A,M,Accepted
3409,A,M,Accepted
3411,B,M,Rejected
3414,E,F,Rejected
3416,A,M,Accepted
3422,A,M,Accepted
3427,D,F,Rejected
3430,F,F,Rejected
3434,A,M,Accepted
3438,D,F,Rejected
3440,A,M,Rejected
3445,E,F,Rejected
3451,A,M,Accepted
3452,C,F,Rejected
3453,E,F,Rejected
3454,C,F,Accepted
3455,E,F,Rejected
3457,C,F,Rejected
3459,F,M,Rejected
3461,C,F,Accepted
3462,D,M,Rejected
3467,A,M,Accepted
3468,E,M,Rejected
3469,F,M,Rejected
3472,D,F,Rejected
3473,C,M,Accepted
3478,D,M,Accepted
3481,B,M,Rejected
3482,A,M,Accepted
3483,F,M,Rejected
3495,A,M,Accepted
3496,A,M,Accepted
3498,A,M,Accepted
3501,A,M,Accepted
3503,C,F,Rejected
3506,F,M,Rejected
3507,F,M,Rejected
3508,A,M,Accepted
3509,D,F,Rejected
3514,D,F,Rejected
3516,B,M,Rejected
3517,C,F,Rejected
3519,D,F,Accepted
3520,A,M,Accepted
3523,A,M,Accepted
3527,E,F,Rejected
3530,A,M,Accepted
3531,A,M,Accepted
3533,F,F,Rejected
3537,A,M,Rejected
3538,E,F,Rejected
3540,F,M,Rejected
3541,E,F,Rejected
3543,F,M,Rejected
3544,F,F,Rejected
3545,A,M,Rejected
3547,F,M,Accepted
3550,F,F,Rejected
3553,E,M,Rejected
3555,C,M,Rejected
3556,C,F,Accepted
3558,F,M,Rejected
3559,E,F,Rejected
3568,F,F,Rejected
3569,A,M,Rejected
3570,A,M,Rejected
3571,E,F,Rejected
3572,B,M,Accepted
3574,C,F,Rejected
3576,F,F,Rejected
3577,A,M,Rejected
3580,E,F,Rejected
3582,C,F,Accepted
3585,F,F,Rejected
3587,E,F,Rejected
3588,B,M,Accepted
3594,A,M,Accepted
3595,B,M,Rejected
3597,B,M,Accepted
3598,C,M,Accepted
3599,C,F,Rejected
3600,E,M,Accepted
3601,E,M,Accepted
3606,D,F,Rejected
3608,D,M,Rejected
3609,A,M,Accepted
3614,A,M,Accepted
3615,E,M,Rejected
3617,E,M,Rejected
3625,C,F,Rejected
3626,E,F,Rejected
3628,F,F,Rejected
3630,D,M,Accepted
3633,F,F,Rejected
3634,F,F,Rejected
3635,F,M,Rejected
3636,C,M,Rejected
3637,C,M,Accepted
3640,E,F,Accepted
3643,D,M,Accepted
3644,E,F,Accepted
3646,D,M,Rejected
3647,E,M,Accepted
3648,C,F,Accepted
3649,A,M,Accepted
3651,A,M,Accepted
3652,C,F,Rejected
3653,A,M,Accepted
3657,A,M,Rejected
3659,F,F,Rejected
3661,F,M,Rejected
3664,E,M,Accepted
3665,A,M,Accepted
3666,D,M,Accepted
3671,A,M,Accepted
3672,C,F,Rejected
3680,A,M,Accepted
3687,C,F,Rejected
3693,F,F,Rejected
3694,C,F,Accepted
3696,E,F,Rejected
3701,D,M,Rejected
3704,D,F,Rejected
3707,F,F,Rejected
3713,E,F,Rejected
3715,C,M,Accepted
3716,D,M,Rejected
3726,C,F,Rejected
3729,B,M,Accepted
3732,C,F,Accepted
3733,B,M,Rejected
3735,B,M,Rejected
3738,F,F,Rejected
3740,C,F,Accepted
3741,C,M,Accepted
3743,B,M,Accepted
3745,A,M,Accepted
3746,F,M,Rejected
3750,A,M,Accepted
3752,E,F,Accepted
3754,F,F,Rejected
3755,A,M,Accepted
3758,A,M,Accepted
3761,C,F,Accepted
3763,D,F,Accepted
3764,F,F,Rejected
3767,B,M,Accepted
3768,D,F,Accepted
3769,F,M,Rejected
3770,A,M,Accepted
3779,A,M,Accepted
3783,E,F,Accepted
3784,D,M,Rejected
3786,E,M,Rejected
3789,C,M,Rejected
3790,B,M,Accepted
3791,A,M,Accepted
3792,C,F,Accepted
3794,B,M,Accepted
3795,A,F,Accepted
3797,A,M,Accepted
3800,F,F,Rejected
3805,D,F,Accepted
3813,A,M,Accepted
3816,A,M,Accepted
3817,A,M,Accepted
3819,A,M,Accepted
3821,A,M,Accepted
3827,E,F,Accepted
3829,A,M,Rejected
3830,E,M,Rejected
3836,C,F,Rejected
3839,C,F,Accepted
3845,B,M,Accepted
3847,B,M,Accepted
3848,B,M,Accepted
3849,C,F,Rejected
3851,C,F,Rejected
3855,D,F,Rejected
3857,A,M,Accepted
3858,D,M,Rejected
3859,F,F,Rejected
3861,C,M,Rejected
3864,E,M,Accepted
3865,D,M,Accepted
3866,C,F,Accepted
3869,E,F,Rejected
3874,D,F,Rejected
3876,A,M,Accepted
3879,C,M,Accepted
3880,A,M,Accepted
3886,B,M,Rejected
3887,C,F,Rejected
3888,F,F,Rejected
3890,F,F,Rejected
3895,A,M,Accepted
3902,D,M,Rejected
3906,A,M,Rejected
3907,D,M,Rejected
3908,C,F,Accepted
3910,D,F,Rejected
3914,E,F,Rejected
3915,A,M,Accepted
3923,E,F,Rejected
3927,F,M,Rejected
3928,C,M,Accepted
3931,E,F,Rejected
3932,E,M,Rejected
3936,B,M,Rejected
3938,B,M,Accepted
3941,C,F,Accepted
3946,B,M,Accepted
3947,A,M,Accepted
3949,B,M,Accepted
3950,E,F,Rejected
3952,A,M,Accepted
3953,C,F,Rejected
3954,C,M,Rejected
3955,C,F,Accepted
3959,A,M,Accepted
3961,A,M,Accepted
3964,E,F,Rejected
3974,A,F,Accepted
3976,C,F,Accepted
3978,C,F,Rejected
3981,F,M,Rejected
3983,A,M,Rejected
3986,F,M,Rejected
3988,E,F,Rejected
3989,B,M,Rejected
3995,D,F,Rejected
3997,C,M,Accepted
4000,C,F,Rejected
4004,F,F,Rejected
4007,C,M,Rejected
4008,D,F,Accepted
4009,F,M,Accepted
4010,B,M,Rejected
4014,E,F,Accepted
4015,C,F,Rejected
4019,E,F,Rejected
4021,C,M,Rejected
4023,E,M,Rejected
4024,A,M,Accepted
4025,D,M,Rejected
4028,A,M,Rejected
4030,C,F,Rejected
4036,C,M,Accepted
4041,F,F,Accepted
4042,A,M,Accepted
4047,D,F,Accepted
4049,B,M,Accepted
4050,A,M,Accepted
4051,E,M,Rejected
4056,C,M,Accepted
4064,A,M,Rejected
4066,F,M,Rejected
4069,C,M,Rejected
4070,C,M,Rejected
4072,D,F,Accepted
4073,B,M,Accepted
4075,D,M,Accepted
4076,D,M,Accepted
4078,F,F,Rejected
4081,F,F,Rejected
4083,E,M,Rejected
4084,A,M,Rejected
4085,D,F,Rejected
4088,F,F,Rejected
4090,C,F,Rejected
4091,E,F,Rejected
4093,C,M,Rejected
4094,A,M,Rejected
4095,E,F,Rejected
4096,A,M,Accepted
4098,C,F,Accepted
4101,F,M,Rejected
4102,C,F,Rejected
4104,A,M,Accepted
4105,C,F,Rejected
4110,A,M,Accepted
4113,A,M,Rejected
4115,F,M,Rejected
4118,C,F,Rejected
4120,E,F,Rejected
4121,A,M,Accepted
4124,F,F,Rejected
4127,E,F,Accepted
4129,F,M,Rejected
4130,D,F,Rejected
4132,D,F,Accepted
4134,F,F,Rejected
4135,B,M,Accepted
4136,C,F,Rejected
4140,A,F,Rejected
4141,C,M,Rejected
4145,C,F,Rejected
4146,A,M,Accepted
4148,C,F,Rejected
4149,C,F,Accepted
4152,A,M,Accepted
4154,C,F,Rejected
4155,E,F,Rejected
4157,F,F,Rejected
4158,E,F,Rejected
4160,D,M,Rejected
4162,D,M,Rejected
4163,D,F,Rejected
4165,D,M,Rejected
4169,E,M,Accepted
4170,F,M,Rejected
4174,A,M,Accepted
4175,A,M,Rejected
4176,F,F,Rejected
4180,A,M,Accepted
4181,E,M,Accepted
4182,E,F,Rejected
4183,B,M,Accepted
4184,B,M,Accepted
4187,D,M,Accepted
4189,A,M,Accepted
4191,A,M,Accepted
4195,A,M,Accepted
4203,D,M,Rejected
4205,C,F,Accepted
4208,E,F,Rejected
4209,F,F,Rejected
4210,D,M,Rejected
4212,A,M,Accepted
4214,D,F,Rejected
4215,C,F,Rejected
4216,F,M,Rejected
4221,A,M,Rejected
4225,B,M,Rejected
4231,C,F,Accepted
4234,A,M,Accepted
4238,E,F,Accepted
4243,D,M,Accepted
4246,A,M,Accepted
4253,E,M,Accepted
4254,D,M,Accepted
4255,D,F,Accepted
4256,B,M,Accepted
4259,C,F,Accepted
4260,F,M,Rejected
4261,A,M,Accepted
4264,B,M,Accepted
4265,D,F,Rejected
4273,A,M,Rejected
4275,A,M,Rejected
4276,C,M,Rejected
4286,C,F,Rejected
4289,D,F,Rejected
4290,A,M,Accepted
4291,C,F,Accepted
4297,E,F,Accepted
4298,D,M,Accepted
4300,F,F,Rejected
4301,C,M,Rejected
4304,B,M,Rejected
4305,A,M,Rejected
4306,D,F,Rejected
4312,C,F,Accepted
4317,A,M,Accepted
4318,A,M,Accepted
4319,E,M,Accepted
4320,C,F,Accepted
4321,F,F,Rejected
4323,C,F,Rejected
4324,C,M,Accepted
4325,A,M,Accepted
4333,C,F,Rejected
4340,F,M,Rejected
4341,C,M,Accepted
4343,A,M,Rejected
4353,C,F,Rejected
4356,F,M,Rejected
4358,B,M,Accepted
4359,B,M,Accepted
4361,F,F,Rejected
4365,C,F,Rejected
4366,B,M,Accepted
4373,E,F,Rejected
4377,D,F,Accepted
4380,A,M,Accepted
4383,C,M,Rejected
4385,A,M,Accepted
4386,A,M,Accepted
4387,A,M,Rejected
4388,A,M,Accepted
4395,A,M,Rejected
4398,D,M,Rejected
4401,F,M,Rejected
4402,B,M,Rejected
4404,E,M,Accepted
4405,A,M,Accepted
4406,A,M,Accepted
4409,E,F,Rejected
4410,B,M,Rejected
4411,C,F,Rejected
4412,D,F,Rejected
4413,C,M,Rejected
4414,D,F,Rejected
4417,B,M,Rejected
4420,D,F,Rejected
4423,D,F,Rejected
4424,E,F,Rejected
4426,D,F,Accepted
4427,A,M,Rejected
4430,E,F,Accepted
4431,A,M,Accepted
4432,A,M,Rejected
4433,A,M,Rejected
4436,C,F,Accepted
4440,F,F,Rejected
4443,B,M,Accepted
4448,B,M,Accepted
4455,D,M,Rejected
4456,A,M,Accepted
4457,C,M,Rejected
4458,F,M,Rejected
4459,D,M,Rejected
4463,C,M,Rejected
4465,F,F,Rejected
4466,F,M,Rejected
4467,B,M,Accepted
4469,F,M,Rejected
4470,A,M,Rejected
4472,F,M,Rejected
4474,D,M,Rejected
4480,D,M,Rejected
4482,C,M,Accepted
4487,A,F,Accepted
4488,A,M,Rejected
4489,C,F,Accepted
4491,A,M,Rejected
4492,D,F,Rejected
4493,F,F,Rejected
4496,D,M,Rejected
4497,A,M,Rejected
4504,D,M,Rejected
4506,C,F,Rejected
4510,C,F,Accepted
4511,D,M,Rejected
4513,F,F,Rejected
4514,C,F,Accepted
4515,D,M,Rejected
4517,C,F,Rejected
4519,A,M,Rejected
4521,F,M,Rejected
4526,E,F,Rejected
4527,D,F,Rejected
4528,B,M,Accepted
4529,C,F,Rejected
4530,A,M,Accepted
4532,F,M,Rejected
4537,C,M,Rejected
4540,F,M,Rejected
4543,A,M,Accepted
4546,A,M,Accepted
4547,D,F,Rejected
4548,B,M,Rejected
4550,E,M,Rejected
4552,B,F,Accepted
4553,C,F,Accepted
4555,C,F,Rejected
4558,C,M,Rejected
4560,D,M,Rejected
4561,A,M,Accepted
4564,D,M,Accepted
4565,E,F,Accepted
4566,D,F,Rejected
4570,A,M,Accepted
4571,D,F,Rejected
4573,F,F,Rejected
4576,A,M,Accepted
4577,D,M,Rejected
4582,F,F,Rejected
4585,F,F,Accepted
4586,A,M,Accepted
4588,A,M,Rejected
4589,A,F,Accepted
4591,B,M,Accepted
4596,D,M,Rejected
4601,C,F,Rejected
4602,D,M,Rejected
4604,A,M,Accepted
4605,C,F,Rejected
4607,A,F,Accepted
4609,C,F,Rejected
4610,F,M,Rejected
4611,C,F,Rejected
4613,F,M,Rejected
4615,C,F,Rejected
4617,E,M,Rejected
4625,F,F,Rejected
4626,A,M,Accepted
4628,A,M,Accepted
4629,A,M,Rejected
4636,A,M,Rejected
4637,A,M,Accepted
4638,C,M,Rejected
4639,D,F,Rejected
4642,D,F,Rejected
4645,D,M,Accepted
4646,C,M,Rejected
4649,D,M,Rejected
4650,C,F,Rejected
4652,C,M,Accepted
4655,C,F,Accepted
4656,D,M,Rejected
4658,A,M,Accepted
4659,C,F,Accepted
4661,A,F,Accepted
4664,B,M,Accepted
4665,E,F,Rejected
4666,D,M,Rejected
4669,A,M,Accepted
4676,A,M,Accepted
4678,A,M,Accepted
4684,D,F,Rejected
4690,B,M,Rejected
4692,C,F,Accepted
4693,A,M,Rejected
4694,C,F,Rejected
4695,C,M,Accepted
4700,B,M,Rejected
4702,C,F,Rejected
4704,B,M,Accepted
4707,A,M,Accepted
4708,E,F,Rejected
4709,B,M,Rejected
4711,F,F,Rejected
4712,A,M,Accepted
4717,F,M,Rejected
4718,F,M,Rejected
4720,F,F,Rejected
4721,A,M,Rejected
4725,B,M,Accepted
4729,A,M,Rejected
4731,C,F,Accepted
4732,B,M,Accepted
4733,F,F,Rejected
4735,A,M,Accepted
4736,D,F,Accepted
4737,E,F,Rejected
4740,D,F,Accepted
4743,C,F,Accepted
4748,F,F,Rejected
4752,B,M,Accepted
4754,D,F,Rejected
4756,B,M,Accepted
4757,A,M,Rejected
4758,C,F,Rejected
4759,D,M,Rejected
4760,A,M,Accepted
4762,D,F,Rejected
4766,A,M,Accepted
4767,A,M,Accepted
4778,F,F,Rejected
4781,A,M,Accepted
4786,C,F,Rejected
4787,A,M,Accepted
4788,A,M,Accepted
4790,C,M,Rejected
4795,F,M,Rejected
4796,F,F,Rejected
4797,A,M,Accepted
4800,A,M,Accepted
4804,F,M,Rejected
4807,D,M,Accepted
4811,F,F,Rejected
4812,F,M,Rejected
4813,C,F,Rejected
4816,C,M,Accepted
4817,E,F,Rejected
4821,E,M,Accepted
4823,E,M,Rejected
4825,A,M,Accepted
4829,E,F,Rejected
4835,E,F,Accepted
4836,A,M,Accepted
4842,F,F,Rejected
4848,B,F,Rejected
4849,C,F,Rejected
4852,B,M,Rejected
4853,C,F,Rejected
4855,E,F,Rejected
4859,D,F,Rejected
4862,A,M,Rejected
4864,B,F,Accepted
4872,F,F,Accepted
4873,C,F,Accepted
4874,A,M,Accepted
4877,C,M,Rejected
4881,B,M,Accepted
4884,F,M,Rejected
4885,D,F,Rejected
4886,B,M,Accepted
4891,A,M,Rejected
4893,F,F,Rejected
4894,C,M,Rejected
4895,C,M,Rejected
4901,E,M,Accepted
4907,F,M,Rejected
4915,C,M,Rejected
4919,F,M,Rejected
4920,A,M,Accepted
4922,E,F,Rejected
4929,F,M,Rejected
4933,B,M,Accepted
4936,F,M,Rejected
4941,A,F,Accepted
4950,A,M,Accepted
4953,D,M,Accepted
4957,A,F,Accepted
4958,D,M,Accepted
4959,D,F,Rejected
4964,F,F,Accepted
4968,C,F,Accepted
4972,A,F,Accepted
4974,F,M,Rejected
4976,C,F,Accepted
4977,F,M,Rejected
4978,D,M,Rejected
4980,D,F,Accepted
4983,F,M,Rejected
4984,C,F,Rejected
4986,A,M,Rejected
4990,E,M,Rejected
4992,A,M,Accepted
4993,D,F,Rejected
4994,F,M,Rejected
4996,D,M,Accepted
4997,E,F,Rejected
5001,C,M,Accepted
5005,A,M,Accepted
5006,E,F,Rejected
5007,D,F,Rejected
5008,A,M,Rejected
5009,C,F,Rejected
5015,F,M,Rejected
5019,D,M,Rejected
5020,C,F,Accepted
5021,A,M,Accepted
5023,B,M,Accepted
5024,F,M,Rejected
5026,C,M,Accepted
5028,D,M,Rejected
5042,A,M,Rejected
5045,A,M,Accepted
5046,B,M,Accepted
5050,C,F,Accepted
5051,B,M,Rejected
5052,A,F,Accepted
5054,A,M,Accepted
5057,C,F,Accepted
5059,A,F,Accepted
5061,C,M,Accepted
5062,A,M,Accepted
5063,A,M,Accepted
5076,F,F,Rejected
5078,A,M,Accepted
5080,D,M,Rejected
5083,E,F,Accepted
5084,A,M,Accepted
5087,A,M,Accepted
5090,F,F,Rejected
5091,C,F,Rejected
5093,F,M,Rejected
5095,C,F,Rejected
5098,B,M,Accepted
5102,A,M,Accepted
5106,D,M,Accepted
5109,F,M,Rejected
5111,D,M,Accepted
5115,B,M,Accepted
5116,E,F,Rejected
5117,E,F,Rejected
5124,E,F,Rejected
5127,F,M,Rejected
5131,E,M,Rejected
5132,A,M,Accepted
5134,A,M,Accepted
5135,B,M,Accepted
5141,A,M,Rejected
5142,A,M,Accepted
5143,D,M,Rejected
5146,A,M,Accepted
5150,F,M,Rejected
5151,A,M,Rejected
5154,C,M,Accepted
5155,B,M,Rejected
5159,A,M,Rejected
5161,A,M,Accepted
5166,C,F,Rejected
5167,C,M,Rejected
5168,D,M,Rejected
5174,F,M,Rejected
5175,D,F,Accepted
5177,A,M,Accepted
5179,C,F,Rejected
5180,A,M,Rejected
5185,B,M,Accepted
5191,A,F,Accepted
5193,C,M,Rejected
5194,A,M,Accepted
5197,B,M,Accepted
5200,D,F,Accepted
5202,A,M,Accepted
5203,F,M,Rejected
5208,F,M,Rejected
5209,E,F,Rejected
5211,C,M,Rejected
5212,A,M,Accepted
5214,A,M,Accepted
5216,E,F,Rejected
5220,B,M,Rejected
5222,E,F,Rejected
5223,D,F,Rejected
5226,A,M,Accepted
5227,E,F,Accepted
5230,E,F,Rejected
5231,F,F,Rejected
5232,A,M,Accepted
5234,A,M,Accepted
5239,B,M,Accepted
5240,B,M,Accepted
5242,A,F,Rejected
5243,B,M,Accepted
5248,B,F,Accepted
5250,C,F,Accepted
5253,A,M,Accepted
5261,A,M,Rejected
5263,A,M,Accepted
5264,A,M,Accepted
5265,A,M,Accepted
5268,A,M,Rejected
5270,F,F,Rejected
5272,E,F,Rejected
5273,F,M,Rejected
5275,F,M,Rejected
5280,B,M,Accepted
5285,E,M,Rejected
5287,A,M,Accepted
5290,A,M,Accepted
5291,A,M,Rejected
5292,A,M,Accepted
5293,C,F,Accepted
5295,A,M,Rejected
5298,A,M,Accepted
5300,A,M,Accepted
5302,E,M,Rejected
5303,D,M,Accepted
5305,C,F,Accepted
5306,D,M,Accepted
5308,E,M,Rejected
5309,C,M,Rejected
5310,F,F,Rejected
5312,C,M,Rejected
5317,A,M,Accepted
5330,E,F,Accepted
5334,E,F,Rejected
5336,D,M,Accepted
5339,A,M,Rejected
5342,F,F,Rejected
5345,D,F,Rejected
5347,E,F,Rejected
5349,B,M,Accepted
5354,F,M,Rejected
5357,B,M,Rejected
5359,A,M,Accepted
5361,A,M,Rejected
5362,A,M,Accepted
5364,E,F,Rejected
5368,F,F,Rejected
5369,A,F,Accepted
5371,A,M,Accepted
5375,B,M,Accepted
5378,A,M,Accepted
5383,D,M,Rejected
5384,F,M,Rejected
5386,A,M,Rejected
5388,E,F,Rejected
5390,F,M,Rejected
5396,A,M,Accepted
5399,D,M,Rejected
5400,D,F,Accepted
5401,B,M,Rejected
5402,D,F,Accepted
5405,A,M,Accepted
5407,A,M,Accepted
5410,D,F,Rejected
5415,F,M,Rejected
5428,E,F,Rejected
5429,F,M,Rejected
5440,F,F,Rejected
5441,B,M,Rejected
5447,D,M,Accepted
5448,A,M,Rejected
5449,D,M,Accepted
5450,F,F,Rejected
5452,D,M,Accepted
5453,E,F,Rejected
5459,D,F,Rejected
5461,E,F,Rejected
5467,A,M,Accepted
5469,D,M,Rejected
5470,F,F,Rejected
5472,C,F,Rejected
5476,A,M,Accepted
5478,C,F,Rejected
5479,A,M,Accepted
5480,A,M,Accepted
5481,A,M,Accepted
5483,C,F,Rejected
5488,A,M,Accepted
5490,D,M,Rejected
5491,B,M,Accepted
5493,B,M,Accepted
5503,F,F,Rejected
5505,A,M,Accepted
5507,A,M,Accepted
5508,B,M,Accepted
5510,C,M,Accepted
5511,C,F,Accepted
5514,A,M,Accepted
5515,E,F,Rejected
5517,F,F,Rejected
5519,A,M,Rejected
5520,A,M,Accepted
5525,C,F,Accepted
5526,D,F,Accepted
5529,B,M,Accepted
5530,A,M,Accepted
5531,D,M,Rejected
5535,C,F,Rejected
5541,A,M,Rejected
5542,A,F,Accepted
5543,A,M,Accepted
5545,D,M,Accepted
5546,F,F,Accepted
5552,B,M,Rejected
5553,C,F,Rejected
5555,D,M,Accepted
5558,D,M,Rejected
5561,C,F,Rejected
5562,C,M,Accepted
5563,C,F,Accepted
5567,E,F,Rejected
5568,C,M,Accepted
5571,C,M,Rejected
5572,A,M,Accepted
5575,B,M,Rejected
5580,D,M,Rejected
5585,F,M,Rejected
5586,F,M,Rejected
5588,E,F,Rejected
5589,C,M,Accepted
5590,B,M,Accepted
5591,D,M,Rejected
5592,B,M,Accepted
5596,F,F,Rejected
5597,A,F,Accepted
5600,F,M,Rejected
5601,D,F,Accepted
5602,D,F,Rejected
5603,A,M,Accepted
5604,A,M,Accepted
5606,C,M,Rejected
5607,C,F,Rejected
5610,A,F,Accepted
5613,B,M,Rejected
5617,B,M,Accepted
5619,E,M,Rejected
5626,E,M,Rejected
5628,B,M,Rejected
5630,D,F,Accepted
5633,E,M,Rejected
5638,A,M,Accepted
5640,D,M,Rejected
5641,A,M,Accepted
5642,A,M,Rejected
5652,B,M,Rejected
5653,C,M,Accepted
5656,F,F,Rejected
5658,F,F,Rejected
5661,D,M,Accepted
5662,C,F,Rejected
5667,A,M,Rejected
5668,F,M,Rejected
5669,A,M,Rejected
5672,B,M,Accepted
5676,D,M,Rejected
5677,D,F,Accepted
5681,A,M,Rejected
5683,A,M,Rejected
5686,A,M,Accepted
5688,F,M,Rejected
5689,B,M,Rejected
5690,D,F,Accepted
5694,F,M,Rejected
5695,D,F,Rejected
5699,C,F,Accepted
5700,B,M,Accepted
5703,C,F,Rejected
5705,E,F,Rejected
5706,A,M,Rejected
5712,A,M,Accepted
5714,B,M,Accepted
5715,F,F,Rejected
5716,D,M,Rejected
5723,F,F,Accepted
5730,B,M,Accepted
5731,A,M,Accepted
5733,B,M,Accepted
5736,C,M,Accepted
5739,A,M,Accepted
5742,E,F,Rejected
5746,A,M,Rejected
5761,A,M,Rejected
5764,C,F,Rejected
5765,A,M,Accepted
5767,C,F,Accepted
5768,B,M,Accepted
5771,C,M,Rejected
5772,B,M,Accepted
5780,B,M,Rejected
5781,A,M,Accepted
5783,E,M,Accepted
5785,F,M,Rejected
5787,F,M,Rejected
5790,D,M,Accepted
5791,D,F,Rejected
5793,C,M,Rejected
5794,A,F,Accepted
5795,E,M,Rejected
5797,F,M,Rejected
5807,E,F,Rejected
5809,C,M,Accepted
5810,A,M,Rejected
5817,F,F,Rejected
5819,C,M,Rejected
5820,C,F,Accepted
5823,C,F,Accepted
5825,F,F,Rejected
5828,A,M,Accepted
5831,C,F,Accepted
5832,A,M,Accepted
5835,D,M,Rejected
5839,E,F,Accepted
5841,A,F,Rejected
5844,B,M,Rejected
5850,A,M,Rejected
5852,F,F,Rejected
5854,F,F,Rejected
5855,A,M,Rejected
5857,A,M,Accepted
5858,A,M,Accepted
5859,E,M,Accepted
5860,F,M,Rejected
5866,A,M,Accepted
5868,C,F,Rejected
5869,D,F,Rejected
5872,B,M,Rejected
5877,F,F,Rejected
5878,C,M,Accepted
5882,C,F,Rejected
5884,F,M,Rejected
5888,A,M,Accepted
5889,A,M,Accepted
5890,D,F,Accepted
5891,A,M,Accepted
5893,D,M,Rejected
5894,F,M,Rejected
5899,E,F,Rejected
5903,F,M,Rejected
5904,F,M,Rejected
5909,D,F,Accepted
5910,C,F,Rejected
5911,A,M,Accepted
5915,F,M,Rejected
5919,C,F,Accepted
5920,A,M,Accepted
5922,A,M,Rejected
5923,E,F,Rejected
5928,A,M,Rejected
5931,C,F,Accepted
5932,D,M,Accepted
5934,A,M,Rejected
5940,A,M,Accepted
5942,B,M,Rejected
5943,C,M,Rejected
5944,F,F,Rejected
5947,A,M,Accepted
5948,E,F,Rejected
5949,D,M,Rejected
5953,B,M,Rejected
5955,A,M,Accepted
5956,C,F,Rejected
5959,B,M,Rejected
5963,D,F,Rejected
5964,A,M,Rejected
5965,D,F,Rejected
5966,E,F,Rejected
5968,E,M,Rejected
5971,B,M,Accepted
5972,A,M,Accepted
5973,C,F,Rejected
5975,D,M,Accepted
5977,D,M,Rejected
5978,E,M,Rejected
5982,C,F,Rejected
5985,A,M,Accepted
5988,F,M,Rejected
5991,B,M,Rejected
5995,A,M,Accepted
5996,C,F,Rejected
5997,A,M,Accepted
5999,A,M,Accepted
6004,E,F,Accepted
6005,E,F,Rejected
6006,A,M,Accepted
6007,C,M,Rejected
6009,C,F,Rejected
6010,A,M,Accepted
6012,A,M,Accepted
6015,C,F,Rejected
6016,E,F,Rejected
6031,E,F,Rejected
6033,C,F,Accepted
6034,E,F,Accepted
6036,D,M,Accepted
6039,D,M,Accepted
6042,C,F,Rejected
6045,B,M,Rejected
6048,B,M,Accepted
6050,F,M,Rejected
6054,D,M,Rejected
6056,E,F,Accepted
6058,A,F,Rejected
6060,C,F,Accepted
6065,A,M,Accepted
6067,B,M,Accepted
6072,A,M,Accepted
6073,C,M,Rejected
6077,A,M,Accepted
6082,C,F,Accepted
6084,C,F,Rejected
6086,A,M,Rejected
6089,F,F,Rejected
6093,F,F,Rejected
6095,A,M,Accepted
6098,C,M,Rejected
6099,C,F,Accepted
6100,E,F,Accepted
6101,E,F,Rejected
6103,E,M,Rejected
6104,C,F,Rejected
6107,E,F,Rejected
6110,A,M,Accepted
6112,E,F,Rejected
6113,C,F,Accepted
6115,C,F,Rejected
6118,F,F,Rejected
6119,F,M,Rejected
6120,A,M,Rejected
6121,A,M,Accepted
6122,F,M,Rejected
6125,E,F,Rejected
6128,A,M,Rejected
6132,E,F,Rejected
6133,D,M,Rejected
6134,C,M,Rejected
6141,B,M,Accepted
6143,E,M,Rejected
6144,E,F,Rejected
6146,D,M,Accepted
6147,F,F,Rejected
6150,C,F,Accepted
6155,A,M,Rejected
6157,F,F,Rejected
6158,A,M,Accepted
6160,D,M,Accepted
6162,A,M,Accepted
6163,D,M,Rejected
6165,F,M,Rejected
6171,D,F,Rejected
6173,F,M,Rejected
6176,D,M,Rejected
6177,F,M,Rejected
6182,D,M,Rejected
6185,A,M,Accepted
6188,D,M,Rejected
6190,F,M,Rejected
6194,F,M,Rejected
6201,B,M,Accepted
6208,D,F,Rejected
6209,B,M,Rejected
6213,A,M,Accepted
6214,F,M,Rejected
6215,C,F,Rejected
6227,E,M,Rejected
6232,F,M,Rejected
6234,D,F,Rejected
6235,A,M,Accepted
6236,A,M,Accepted
6238,C,F,Rejected
6240,D,F,Rejected
6242,C,F,Accepted
6243,C,M,Accepted
6245,E,M,Rejected
6246,D,M,Accepted
6247,C,F,Rejected
6250,A,F,Accepted
6251,E,F,Rejected
6252,C,F,Rejected
6257,B,M,Accepted
6259,B,M,Rejected
6263,A,M,Accepted
6269,A,M,Accepted
6270,D,M,Rejected
6273,E,F,Rejected
6281,B,M,Rejected
6284,A,M,Accepted
6286,A,M,Accepted
6288,F,M,Rejected
6289,C,F,Rejected
6292,D,M,Rejected
6294,D,M,Rejected
6295,A,M,Rejected
6296,A,M,Accepted
6297,F,F,Rejected
6303,B,M,Accepted
6306,B,M,Accepted
6307,F,F,Rejected
6310,A,M,Accepted
6311,E,M,Rejected
6314,A,M,Accepted
6315,C,M,Rejected
6317,C,M,Accepted
6318,A,M,Accepted
6319,E,M,Accepted
6320,C,F,Rejected
6324,C,F,Rejected
6325,B,M,Accepted
6326,A,M,Accepted
6327,E,F,Rejected
6330,C,F,Rejected
6331,C,F,Accepted
6334,F,F,Rejected
6335,A,M,Accepted
6336,A,M,Accepted
6343,D,M,Rejected
6344,A,M,Accepted
6350,A,M,Accepted
6355,D,M,Accepted
6356,B,M,Rejected
6357,D,M,Accepted
6358,A,M,Rejected
6360,E,M,Rejected
6365,F,M,Rejected
6367,E,F,Rejected
6369,D,M,Accepted
6372,A,M,Accepted
6375,D,M,Accepted
6376,A,M,Accepted
6378,E,F,Accepted
6379,D,F,Rejected
6380,C,F,Accepted
6382,F,M,Rejected
6385,D,M,Accepted
6386,A,M,Accepted
6394,F,F,Rejected
6395,F,M,Rejected
6397,B,M,Accepted
6398,C,F,Accepted
6399,A,M,Accepted
6400,D,M,Rejected
6401,F,F,Rejected
6402,D,M,Accepted
6403,A,M,Accepted
6406,C,M,Accepted
6411,C,F,Accepted
6413,F,M,Rejected
6417,A,F,Rejected
6418,C,F,Rejected
6421,B,M,Rejected
6423,D,F,Rejected
6426,C,M,Accepted
6433,B,M,Accepted
6435,B,M,Accepted
6440,B,M,Accepted
6441,D,M,Rejected
6443,B,M,Accepted
6445,E,M,Accepted
6447,E,F,Rejected
6448,E,M,Rejected
6453,E,F,Rejected
6454,E,F,Rejected
6457,F,F,Rejected
6458,F,M,Accepted
6459,D,M,Rejected
6463,C,F,Rejected
6469,C,F,Rejected
6470,A,M,Accepted
6471,C,F,Rejected
6476,E,F,Rejected
6477,A,M,Accepted
6478,F,F,Rejected
6479,A,M,Accepted
6484,D,F,Rejected
6486,F,F,Rejected
6491,A,M,Accepted
6492,D,F,Rejected
6494,A,M,Accepted
6495,B,M,Accepted
6497,D,M,Rejected
6501,A,F,Accepted
6502,F,M,Rejected
6506,D,M,Rejected
6508,C,M,Accepted
6519,D,M,Rejected
6521,D,M,Accepted
6523,A,F,Accepted
6527,F,M,Rejected
6529,B,F,Accepted
6530,C,M,Accepted
6534,B,M,Accepted
6538,E,F,Rejected
6540,C,M,Rejected
6542,C,F,Rejected
6544,E,F,Rejected
6545,A,M,Accepted
6549,C,F,Accepted
6553,C,M,Accepted
6556,F,F,Rejected
6559,C,F,Accepted
6562,F,F,Rejected
6563,C,M,Accepted
6565,E,F,Rejected
6567,A,M,Accepted
6569,D,F,Rejected
6570,A,F,Accepted
6572,D,F,Accepted
6573,D,M,Rejected
6579,D,M,Rejected
6580,F,F,Rejected
6585,A,M,Accepted
6587,E,F,Accepted
6591,C,F,Rejected
6592,A,M,Accepted
6597,A,M,Accepted
6601,E,M,Rejected
6602,A,M,Accepted
6603,D,M,Accepted
6604,F,M,Rejected
6607,D,F,Accepted
6613,A,M,Accepted
6614,D,F,Rejected
6615,C,F,Accepted
6617,F,M,Rejected
6620,C,F,Accepted
6622,B,M,Accepted
6625,F,M,Rejected
6630,B,M,Accepted
6631,E,F,Rejected
6633,D,M,Accepted
6638,A,M,Accepted
6643,B,M,Accepted
6644,E,F,Rejected
6647,A,M,Accepted
6648,E,F,Rejected
6649,D,F,Rejected
6653,A,F,Accepted
6656,D,M,Rejected
6661,F,M,Rejected
6666,A,M,Accepted
6669,F,M,Accepted
6675,D,M,Rejected
6676,A,M,Rejected
6680,A,M,Accepted
6681,C,F,Accepted
6686,E,M,Rejected
6690,D,M,Accepted
6693,A,M,Accepted
6695,B,M,Accepted
6698,C,F,Rejected
6702,A,M,Accepted
6708,E,M,Rejected
6709,D,F,Rejected
6710,C,M,Rejected
6712,F,F,Rejected
6713,C,F,Accepted
6715,E,F,Accepted
6717,B,M,Accepted
6718,B,M,Accepted
6722,A,M,Accepted
6726,D,M,Accepted
6730,B,M,Accepted
6732,B,M,Rejected
6734,C,F,Rejected
6737,F,F,Accepted
6738,C,M,Rejected
6745,D,M,Rejected
6747,E,F,Rejected
6753,A,M,Accepted
6760,D,M,Rejected
6762,E,F,Accepted
6764,A,M,Accepted
6766,F,F,Rejected
6767,D,F,Accepted
6768,D,M,Accepted
6771,E,F,Rejected
6774,F,M,Rejected
6775,F,M,Rejected
6777,C,M,Rejected
6778,D,M,Accepted
6779,A,M,Accepted
6790,A,F,Rejected
6799,E,M,Accepted
6803,C,F,Rejected
6804,D,F,Rejected
6805,D,F,Accepted
6807,D,F,Rejected
6809,B,M,Accepted
6812,C,F,Rejected
6813,E,M,Rejected
6817,A,M,Accepted
6825,C,F,Rejected
6828,C,F,Accepted
6829,B,M,Rejected
6832,C,F,Rejected
6833,C,F,Rejected
6836,B,M,Accepted
6841,F,M,Rejected
6847,C,M,Accepted
6848,B,M,Rejected
6850,B,M,Accepted
6851,F,M,Rejected
6852,D,M,Accepted
6853,A,M,Rejected
6854,E,F,Accepted
6857,F,M,Rejected
6859,A,M,Accepted
6860,C,F,Rejected
6861,B,F,Rejected
6863,D,M,Accepted
6864,F,M,Rejected
6865,F,F,Rejected
6870,A,M,Rejected
6871,A,M,Accepted
6872,A,M,Rejected
6876,D,M,Accepted
6877,A,M,Rejected
6883,A,M,Accepted
6884,D,M,Rejected
6886,A,M,Accepted
6887,D,M,Accepted
6888,E,F,Rejected
6890,A,M,Accepted
6894,C,F,Accepted
6896,A,M,Rejected
6899,A,M,Accepted
6903,C,F,Rejected
6907,F,F,Rejected
6912,B,M,Accepted
6916,A,M,Accepted
6917,D,F,Rejected
6918,C,M,Accepted
6919,A,M,Rejected
6921,D,F,Rejected
6929,D,F,Rejected
6930,C,F,Rejected
6931,D,M,Rejected
6932,E,M,Rejected
6933,B,M,Accepted
6935,B,F,Accepted
6939,B,M,Accepted
6940,D,M,Rejected
6942,C,F,Rejected
6943,F,M,Rejected
6947,A,M,Accepted
6948,F,M,Rejected
6950,F,F,Rejected
6951,C,F,Rejected
6952,A,M,Accepted
6953,A,M,Accepted
6956,E,F,Accepted
6958,F,F,Rejected
6960,B,M,Accepted
6962,A,M,Rejected
6971,C,F,Rejected
6974,A,M,Rejected
6977,C,M,Rejected
6979,F,M,Rejected
6980,F,M,Rejected
6984,C,F,Accepted
6989,F,M,Rejected
6991,D,F,Rejected
6992,A,M,Accepted
6993,C,M,Accepted
6997,D,M,Accepted
7005,B,M,Accepted
7013,D,M,Rejected
7014,D,M,Rejected
7017,F,F,Rejected
7019,F,F,Rejected
7020,D,F,Rejected
7022,A,M,Accepted
7024,D,F,Rejected
7030,F,M,Rejected
7032,A,M,Accepted
7034,A,F,Accepted
7043,C,M,Accepted
7044,A,M,Rejected
7045,E,F,Rejected
7046,C,F,Accepted
7047,A,M,Accepted
7049,C,F,Rejected
7050,B,M,Accepted
7051,B,M,Accepted
7057,A,F,Accepted
7059,C,M,Rejected
7060,C,F,Accepted
7064,A,M,Rejected
7066,D,F,Rejected
7068,B,M,Rejected
7070,E,F,Rejected
7073,D,F,Rejected
7076,D,M,Rejected
7077,B,M,Accepted
7078,C,M,Rejected
7080,C,F,Accepted
7082,C,M,Accepted
7086,B,M,Rejected
7089,F,M,Rejected
7090,A,M,Accepted
7099,C,F,Rejected
7102,A,M,Accepted
7103,F,M,Rejected
7105,D,M,Rejected
7113,A,M,Rejected
7116,A,M,Accepted
7117,B,F,Accepted
7124,C,F,Rejected
7125,C,M,Rejected
7128,D,M,Rejected
7134,A,M,Rejected
7138,C,F,Accepted
7140,A,M,Accepted
7144,A,M,Accepted
7145,C,M,Accepted
7147,E,M,Rejected
7149,A,F,Accepted
7151,C,M,Rejected
7152,B,F,Rejected
7154,D,F,Rejected
7155,C,F,Rejected
7156,B,M,Rejected
7157,C,F,Rejected
7162,F,M,Rejected
7163,E,M,Accepted
7167,F,M,Accepted
7171,D,M,Accepted
7173,F,F,Accepted
7175,D,M,Rejected
7176,A,M,Rejected
7177,A,M,Rejected
7179,A,F,Accepted
7182,D,F,Accepted
7183,A,M,Rejected
7192,B,M,Accepted
7193,A,M,Accepted
7194,D,M,Rejected
7195,F,M,Rejected
7197,B,M,Accepted
7199,F,M,Rejected
7206,C,M,Rejected
7211,B,M,Rejected
7214,A,F,Accepted
7215,A,M,Accepted
7216,A,M,Accepted
7217,F,M,Rejected
7218,F,M,Rejected
7221,B,M,Accepted
7228,A,F,Accepted
7229,D,M,Accepted
7234,C,F,Rejected
7235,E,F,Rejected
7237,F,F,Rejected
7243,C,M,Rejected
7245,A,M,Accepted
7246,F,M,Rejected
7247,E,M,Accepted
7250,E,M,Rejected
7252,A,M,Accepted
7258,C,F,Accepted
7259,E,M,Rejected
7260,A,F,Rejected
7265,D,F,Rejected
7266,D,M,Rejected
7267,C,F,Rejected
7270,B,M,Accepted
7272,F,F,Rejected
7273,D,F,Accepted
7275,D,M,Rejected
7276,D,M,Accepted
7277,C,M,Rejected
7279,A,M,Accepted
7286,A,M,Rejected
7287,A,M,Accepted
7288,A,F,Accepted
7289,D,M,Rejected
7290,A,M,Rejected
7291,C,M,Accepted
7301,D,F,Rejected
7303,C,F,Accepted
7311,C,F,Rejected
7312,D,F,Rejected
7318,F,F,Rejected
7321,B,M,Accepted
7323,F,M,Rejected
7327,E,M,Rejected
7328,F,M,Rejected
7331,B,M,Accepted
7332,D,M,Rejected
7338,A,M,Accepted
7340,B,M,Rejected
7341,C,F,Accepted
7343,A,M,Accepted
7347,A,M,Rejected
7348,C,F,Rejected
7349,A,M,Accepted
7350,B,M,Rejected
7356,A,M,Accepted
7357,F,F,Rejected
7360,E,F,Rejected
7362,F,M,Rejected
7366,A,M,Accepted
7369,A,M,Accepted
7374,F,M,Rejected
7375,E,F,Rejected
7381,F,M,Rejected
7384,A,F,Accepted
7387,B,M,Accepted
7388,E,F,Accepted
7390,B,M,Rejected
7392,C,F,Rejected
7394,A,M,Accepted
7395,D,F,Rejected
7396,F,M,Rejected
7401,A,M,Accepted
7402,F,F,Rejected
7403,A,F,Accepted
7407,E,M,Accepted
7408,B,M,Rejected
7411,A,M,Rejected
7412,C,M,Rejected
7418,B,M,Accepted
7419,F,M,Accepted
7420,C,F,Rejected
7423,A,F,Accepted
7424,A,M,Accepted
7427,E,F,Rejected
7428,A,M,Rejected
7430,B,M,Accepted
7431,E,F,Accepted
7438,A,M,Accepted
7444,C,F,Accepted
7447,E,F,Rejected
7451,B,M,Rejected
7455,A,M,Accepted
7460,F,M,Rejected
7461,A,M,Accepted
7471,C,F,Rejected
7472,A,M,Accepted
7474,A,M,Accepted
7477,B,M,Accepted
7480,A,M,Accepted
7481,D,F,Rejected
7486,A,M,Accepted
7492,E,M,Accepted
7496,C,F,Accepted
7498,C,F,Rejected
7499,A,F,Rejected
7501,C,F,Accepted
7503,A,M,Rejected
7505,C,F,Rejected
7510,F,F,Rejected
7511,A,M,Rejected
7519,D,M,Accepted
7520,A,M,Accepted
7521,A,M,Rejected
7529,A,M,Rejected
7530,B,M,Accepted
7537,F,M,Accepted
7538,B,M,Accepted
7542,B,M,Accepted
7543,A,M,Accepted
7545,A,M,Accepted
7546,A,M,Accepted
7548,A,M,Accepted
7550,B,M,Accepted
7553,F,F,Rejected
7555,C,F,Accepted
7557,A,M,Accepted
7561,D,F,Rejected
7562,B,M,Accepted
7564,E,F,Rejected
7568,B,M,Accepted
7569,F,F,Rejected
7570,A,M,Accepted
7571,F,F,Rejected
7572,C,M,Accepted
7573,C,M,Rejected
7579,F,F,Rejected
7580,D,M,Rejected
7584,F,F,Rejected
7587,A,M,Rejected
7589,A,M,Rejected
7590,B,M,Accepted
7592,D,M,Rejected
7597,B,M,Rejected
7598,F,F,Rejected
7599,C,F,Rejected
7602,B,M,Accepted
7605,F,M,Rejected
7612,B,M,Rejected
7615,D,M,Rejected
7619,F,M,Rejected
7620,D,M,Accepted
7621,F,M,Rejected
7623,F,M,Rejected
7624,A,M,Rejected
7625,A,M,Rejected
7628,E,F,Rejected
7629,E,M,Accepted
7630,A,M,Accepted
7631,D,M,Rejected
7633,A,M,Rejected
7636,C,F,Rejected
7638,A,M,Rejected
7647,C,M,Rejected
7651,F,M,Rejected
7655,E,F,Accepted
7657,D,F,Accepted
7658,D,F,Rejected
7662,F,M,Rejected
7663,A,M,Rejected
7666,B,M,Rejected
7671,A,M,Accepted
7672,F,M,Accepted
7673,F,F,Rejected
7678,A,M,Accepted
7679,B,M,Accepted
7681,A,F,Accepted
7685,A,M,Accepted
7689,B,M,Accepted
7692,B,F,Accepted
7693,D,F,Accepted
7695,A,M,Rejected
7697,D,F,Rejected
7699,D,F,Accepted
7703,F,F,Rejected
7705,C,F,Rejected
7709,A,M,Accepted
7717,A,M,Accepted
7719,C,F,Rejected
7721,A,M,Accepted
7722,F,F,Rejected
7727,A,M,Rejected
7729,B,M,Accepted
7731,F,F,Rejected
7739,A,F,Accepted
7745,F,F,Rejected
7749,B,M,Accepted
7752,A,M,Accepted
7753,A,M,Rejected
7754,C,M,Rejected
7755,F,F,Accepted
7756,A,M,Accepted
7757,C,F,Rejected
7760,C,M,Rejected
7766,F,F,Rejected
7769,F,F,Rejected
7782,E,F,Rejected
7784,E,M,Rejected
7792,A,M,Rejected
7799,D,F,Rejected
7801,B,M,Accepted
7802,F,M,Rejected
7803,A,M,Accepted
7804,B,M,Accepted
7806,E,M,Accepted
7809,D,M,Rejected
7810,E,M,Rejected
7811,D,M,Rejected
7812,E,M,Accepted
7814,D,F,Accepted
7815,A,M,Rejected
7817,D,M,Accepted
7818,F,F,Rejected
7821,F,M,Rejected
7824,A,M,Accepted
7825,F,M,Rejected
7831,E,M,Rejected
7832,D,F,Rejected
7833,F,F,Rejected
7834,B,M,Rejected
7836,A,F,Accepted
7839,F,F,Rejected
7840,E,F,Rejected
7849,E,M,Accepted
7850,B,M,Accepted
7853,D,F,Accepted
7857,E,M,Rejected
7858,F,F,Accepted
7859,A,M,Accepted
7860,C,F,Accepted
7863,A,M,Accepted
7865,D,M,Rejected
7867,A,M,Rejected
7868,C,F,Accepted
7870,F,M,Rejected
7872,B,M,Rejected
7879,F,M,Rejected
7883,E,F,Rejected
7885,A,M,Accepted
7886,A,M,Rejected
7889,D,F,Rejected
7890,E,F,Rejected
7892,B,M,Accepted
7893,D,F,Accepted
7894,D,F,Rejected
7898,B,M,Rejected
7906,C,F,Rejected
7908,A,M,Rejected
7911,A,M,Rejected
7912,A,M,Accepted
7916,C,M,Accepted
7917,D,F,Rejected
7919,A,M,Accepted
7931,F,F,Rejected
7932,F,M,Rejected
7933,A,M,Accepted
7934,F,F,Rejected
7941,E,F,Rejected
7948,A,M,Accepted
7950,A,M,Accepted
7952,C,M,Rejected
7954,F,M,Rejected
7959,F,M,Rejected
7960,F,F,Rejected
7961,B,M,Accepted
7966,E,F,Accepted
7967,F,M,Rejected
7969,A,M,Accepted
7970,D,F,Rejected
7972,E,F,Rejected
7974,A,M,Accepted
7975,C,M,Rejected
7978,A,M,Accepted
7979,A,M,Accepted
7981,C,F,Rejected
7982,C,M,Rejected
7986,E,F,Rejected
7989,D,F,Rejected
7991,A,M,Accepted
7994,C,M,Rejected
7995,B,M,Accepted
8000,B,M,Rejected
8002,F,F,Rejected
8003,F,F,Rejected
8006,C,M,Accepted
8007,C,F,Accepted
8014,F,F,Rejected
8015,C,F,Rejected
8021,E,F,Rejected
8023,A,M,Accepted
8029,B,M,Accepted
8031,F,F,Rejected
8033,C,M,Accepted
8035,E,F,Rejected
8036,F,F,Rejected
8037,B,M,Accepted
8038,B,M,Rejected
8042,F,M,Rejected
8043,A,F,Rejected
8046,F,M,Rejected
8051,A,M,Accepted
8055,C,F,Rejected
8056,F,M,Rejected
8059,E,M,Rejected
8060,A,M,Accepted
8062,D,M,Accepted
8066,F,M,Rejected
8070,B,M,Rejected
8072,C,F,Accepted
8074,A,M,Rejected
8079,D,F,Rejected
8084,C,F,Accepted
8085,C,F,Rejected
8087,E,F,Accepted
8091,C,M,Rejected
8093,C,F,Accepted
8094,C,F,Rejected
8097,A,M,Accepted
8098,D,F,Rejected
8104,F,M,Accepted
8107,C,F,Accepted
8113,E,F,Rejected
8115,E,M,Accepted
8116,B,M,Accepted
8120,A,M,Accepted
8123,E,F,Rejected
8124,A,F,Accepted
8125,E,M,Rejected
8127,B,M,Rejected
8130,D,F,Rejected
8133,C,M,Accepted
8134,A,M,Accepted
8136,E,M,Rejected
8137,E,F,Accepted
8140,C,M,Accepted
8141,A,F,Accepted
8145,F,M,Rejected
8150,E,F,Accepted
8152,C,M,Rejected
8155,D,F,Accepted
8156,F,M,Rejected
8157,A,M,Accepted
8158,D,F,Accepted
8160,E,F,Rejected
8164,C,F,Accepted
8166,D,F,Rejected
8167,B,M,Accepted
8174,C,M,Rejected
8176,D,M,Rejected
8181,E,F,Rejected
8184,A,M,Accepted
8185,A,M,Accepted
8189,E,F,Rejected
8191,D,F,Rejected
8192,C,F,Rejected
8194,B,M,Accepted
8196,D,M,Rejected
8197,D,M,Accepted
8204,E,M,Accepted
8205,A,M,Accepted
8207,F,F,Rejected
8208,C,F,Accepted
8214,C,M,Rejected
8215,B,M,Rejected
8216,C,F,Accepted
8218,D,M,Rejected
8220,E,F,Rejected
8222,F,F,Rejected
8224,E,M,Rejected
8225,C,M,Rejected
8229,D,M,Rejected
8232,A,F,Accepted
8241,E,F,Rejected
8243,C,F,Rejected
8248,E,F,Rejected
8253,F,M,Rejected
8257,F,F,Rejected
8260,D,F,Rejected
8261,F,F,Rejected
8265,B,M,Rejected
8268,F,F,Rejected
8270,A,M,Accepted
8275,D,F,Accepted
8279,C,M,Accepted
8281,D,F,Rejected
8284,E,F,Rejected
8285,E,F,Accepted
8289,D,F,Accepted
8291,A,M,Accepted
8299,C,M,Rejected
8300,E,F,Rejected
8304,C,F,Rejected
8311,A,F,Accepted
8312,A,F,Accepted
8314,C,M,Rejected
8316,D,M,Accepted
8317,E,M,Rejected
8318,E,F,Accepted
8325,A,M,Accepted
8329,A,M,Rejected
8330,B,M,Accepted
8335,D,F,Rejected
8337,A,M,Accepted
8338,C,M,Accepted
8343,A,M,Rejected
8344,B,M,Accepted
8359,A,M,Accepted
8360,D,M,Rejected
8367,A,F,Rejected
8369,F,M,Accepted
8374,A,M,Rejected
8376,A,M,Accepted
8377,D,M,Rejected
8378,D,F,Rejected
8379,C,M,Rejected
8381,F,M,Rejected
8383,A,M,Accepted
8384,F,F,Rejected
8387,C,F,Rejected
8391,A,M,Accepted
8392,C,F,Rejected
8395,A,M,Accepted
8396,C,F,Rejected
8402,B,M,Accepted
8414,C,F,Rejected
8417,B,M,Accepted
8418,A,M,Accepted
8425,F,M,Rejected
8432,C,F,Rejected
8433,A,M,Accepted
8434,F,M,Rejected
8435,D,M,Rejected
8436,A,M,Rejected
8438,C,F,Rejected
8440,B,M,Accepted
8441,D,F,Rejected
8443,F,F,Accepted
8447,F,F,Rejected
8448,F,M,Rejected
8450,D,M,Rejected
8451,F,M,Rejected
8453,E,F,Rejected
8459,E,F,Rejected
8464,A,M,Accepted
8473,B,M,Accepted
8474,D,F,Accepted
8476,F,F,Accepted
8480,A,M,Accepted
8482,C,F,Rejected
8489,F,F,Rejected
8492,F,F,Rejected
8493,E,F,Rejected
8497,A,M,Accepted
8499,F,M,Rejected
8504,C,F,Rejected
8506,A,M,Rejected
8508,B,M,Accepted
8509,F,F,Rejected
8512,C,M,Rejected
8515,C,F,Accepted
8516,F,M,Accepted
8519,B,M,Accepted
8520,C,F,Rejected
8521,C,M,Rejected
8522,F,M,Rejected
8529,A,M,Accepted
8535,A,M,Rejected
8539,E,F,Rejected
8542,F,M,Rejected
8543,A,M,Accepted
8545,E,F,Rejected
8547,A,M,Accepted
8548,A,M,Accepted
8560,C,M,Accepted
8568,B,M,Rejected
8569,A,M,Accepted
8570,A,F,Accepted
8577,A,M,Accepted
8580,A,M,Accepted
8583,A,M,Rejected
8585,C,F,Rejected
8590,D,M,Rejected
8596,B,F,Accepted
8597,A,M,Accepted
8601,A,M,Rejected
8602,C,M,Rejected
8606,D,M,Accepted
8607,F,F,Rejected
8610,B,F,Rejected
8616,F,M,Rejected
8621,C,F,Accepted
8624,D,F,Rejected
8625,A,M,Accepted
8627,F,M,Rejected
8629,E,F,Rejected
8632,E,F,Rejected
8633,C,M,Accepted
8634,A,M,Accepted
8635,D,F,Rejected
8636,F,M,Rejected
8638,A,M,Accepted
8641,C,M,Accepted
8643,D,M,Rejected
8649,C,M,Accepted
8650,C,F,Rejected
8654,C,F,Accepted
8656,D,M,Accepted
8659,B,M,Accepted
8660,F,F,Rejected
8663,A,M,Accepted
8665,B,M,Accepted
8667,C,M,Accepted
8668,B,M,Rejected
8669,C,M,Accepted
8671,F,M,Rejected
8674,B,M,Rejected
8675,A,M,Rejected
8676,C,F,Rejected
8677,E,M,Accepted
8680,C,M,Accepted
8682,F,M,Rejected
8683,D,F,Rejected
8684,C,F,Rejected
8685,C,F,Rejected
8688,D,F,Rejected
8689,C,M,Rejected
8693,B,M,Accepted
8695,A,M,Accepted
8698,F,M,Rejected
8699,F,M,Rejected
8702,E,F,Rejected
8703,D,M,Rejected
8705,D,F,Rejected
8706,A,M,Rejected
8708,C,M,Rejected
8712,E,M,Accepted
8714,B,M,Accepted
8716,C,M,Rejected
8717,E,M,Rejected
8718,C,F,Rejected
8720,B,M,Rejected
8721,A,M,Accepted
8729,C,F,Accepted
8732,E,F,Rejected
8737,E,M,Rejected
8744,C,M,Rejected
8746,E,F,Rejected
8749,D,F,Accepted
8750,F,F,Rejected
8755,C,F,Accepted
8757,D,M,Rejected
8758,D,F,Rejected
8759,C,F,Accepted
8762,C,M,Rejected
8766,A,M,Rejected
8768,C,F,Rejected
8770,F,M,Rejected
8771,D,M,Rejected
8774,E,M,Accepted
8781,D,F,Accepted
8782,B,M,Accepted
8784,C,F,Rejected
8786,A,M,Accepted
8789,D,M,Rejected
8790,A,M,Accepted
8791,C,F,Rejected
8792,D,M,Rejected
8793,B,M,Accepted
8796,A,M,Rejected
8798,A,F,Rejected
8804,A,M,Accepted
8807,B,M,Accepted
8811,E,F,Rejected
8814,E,M,Accepted
8822,D,M,Rejected
8824,B,M,Rejected
8827,E,F,Rejected
8830,D,M,Accepted
8832,B,M,Accepted
8834,E,F,Rejected
8839,C,M,Rejected
8845,F,M,Rejected
8847,D,M,Accepted
8851,A,M,Accepted
8852,E,F,Rejected
8854,A,F,Accepted
8856,E,M,Rejected
8857,A,M,Accepted
8860,B,M,Accepted
8863,A,M,Accepted
8865,F,F,Rejected
8868,B,M,Rejected
8869,C,M,Accepted
8872,A,M,Accepted
8881,A,M,Rejected
8882,F,F,Rejected
8884,C,M,Accepted
8899,F,F,Rejected
8900,F,F,Rejected
8903,C,M,Rejected
8905,D,F,Rejected
8906,E,F,Rejected
8907,D,M,Rejected
8908,B,M,Accepted
8916,F,F,Rejected
8920,D,F,Rejected
8921,A,M,Accepted
8922,F,M,Rejected
8923,C,F,Rejected
8925,A,M,Accepted
8931,E,M,Accepted
8932,D,F,Rejected
8933,A,M,Accepted
8938,E,F,Accepted
8939,A,F,Accepted
8940,B,M,Accepted
8941,A,F,Accepted
8952,C,M,Rejected
8953,A,M,Rejected
8954,C,F,Rejected
8956,A,M,Accepted
8957,C,F,Rejected
8958,F,F,Rejected
8959,D,M,Accepted
8960,C,M,Rejected
8962,A,M,Accepted
8964,D,F,Rejected
8965,E,F,Rejected
8966,E,M,Accepted
8968,E,M,Rejected
8969,A,M,Accepted
8971,B,M,Accepted
8972,C,F,Accepted
8975,B,M,Rejected
8976,D,F,Rejected
8979,D,M,Accepted
8982,A,M,Accepted
8985,A,M,Accepted
8989,A,M,Rejected
8992,E,F,Accepted
8996,E,F,Rejected
8999,C,F,Accepted
9002,B,M,Accepted
9003,D,F,Rejected
9004,A,M,Accepted
9010,F,M,Rejected
9011,A,M,Accepted
9014,F,F,Rejected
9015,D,M,Accepted
9018,F,F,Rejected
9022,B,F,Rejected
9026,F,F,Rejected
9027,E,M,Rejected
9028,C,F,Accepted
9031,D,F,Accepted
9035,A,M,Accepted
9036,F,M,Rejected
9039,A,M,Accepted
9041,B,M,Rejected
9042,C,M,Rejected
9044,B,M,Rejected
9045,D,M,Accepted
9047,A,M,Accepted
9049,A,M,Accepted
9052,E,F,Rejected
9056,C,M,Rejected
9057,A,M,Rejected
9060,E,M,Rejected
9061,A,M,Rejected
9066,F,M,Rejected
9067,B,M,Rejected
9069,F,F,Rejected
9071,D,F,Accepted
9072,A,M,Rejected
9076,B,M,Accepted
9077,C,F,Rejected
9083,D,M,Accepted
9084,D,M,Accepted
9086,B,M,Accepted
9087,A,M,Accepted
9092,B,M,Accepted
9094,D,M,Rejected
9095,F,F,Rejected
9099,D,F,Rejected
9103,D,M,Accepted
9104,D,M,Rejected
9109,F,M,Rejected
9110,B,M,Accepted
9111,B,M,Accepted
9113,C,F,Accepted
9114,F,M,Rejected
9115,A,M,Accepted
9117,A,M,Rejected
9118,F,F,Rejected
9122,C,M,Rejected
9123,B,M,Rejected
9130,F,M,Rejected
9131,A,M,Rejected
9138,F,M,Rejected
9140,D,M,Rejected
9144,C,M,Accepted
9147,B,M,Accepted
9149,E,F,Accepted
9150,C,M,Accepted
9154,F,F,Rejected
9156,C,M,Rejected
9157,A,M,Accepted
9159,C,M,Rejected
9160,D,F,Rejected
9161,C,F,Accepted
9165,C,M,Rejected
9177,C,M,Rejected
9180,D,M,Rejected
9182,A,M,Accepted
9183,D,F,Rejected
9186,A,M,Rejected
9187,B,M,Accepted
9189,C,F,Accepted
9190,A,M,Rejected
9193,F,M,Rejected
9201,C,F,Rejected
9203,A,M,Rejected
9205,D,M,Accepted
9208,A,M,Accepted
9209,F,M,Rejected
9210,C,F,Accepted
9211,B,M,Accepted
9217,D,M,Rejected
9219,A,M,Accepted
9228,A,M,Accepted
9233,F,M,Rejected
9235,B,M,Rejected
9239,B,M,Accepted
9244,B,M,Rejected
9249,E,M,Rejected
9252,E,F,Rejected
9262,C,M,Rejected
9266,A,M,Accepted
9268,A,M,Accepted
9272,A,M,Rejected
9274,A,M,Accepted
9275,B,M,Accepted
9276,A,F,Accepted
9277,A,M,Accepted
9280,A,M,Rejected
9282,C,F,Rejected
9283,F,F,Rejected
9284,D,M,Rejected
9285,D,M,Accepted
9286,E,F,Rejected
9287,A,M,Rejected
9288,B,M,Rejected
9289,B,M,Rejected
9291,F,F,Rejected
9292,A,M,Accepted
9294,B,M,Accepted
9298,A,M,Accepted
9303,D,F,Accepted
9304,B,M,Accepted
9305,D,F,Accepted
9308,D,F,Accepted
9310,F,M,Rejected
9311,F,M,Rejected
9313,F,M,Rejected
9314,F,F,Rejected
9320,D,M,Rejected
9328,B,M,Rejected
9332,C,M,Accepted
9334,A,M,Accepted
9335,A,F,Accepted
9336,A,M,Accepted
9342,D,M,Rejected
9345,C,M,Rejected
9348,A,M,Accepted
9353,A,M,Accepted
9354,E,F,Rejected
9358,F,F,Rejected
9361,B,M,Accepted
9362,D,F,Rejected
9363,F,M,Rejected
9364,B,M,Rejected
9366,C,M,Accepted
9367,A,M,Accepted
9370,D,F,Rejected
9372,D,F,Accepted
9373,C,M,Rejected
9375,E,F,Rejected
9379,F,F,Rejected
9388,B,M,Rejected
9389,A,M,Accepted
9390,C,F,Rejected
9391,E,F,Accepted
9392,B,M,Accepted
9393,C,F,Rejected
9395,B,M,Accepted
9399,A,M,Accepted
9400,C,F,Rejected
9403,A,M,Accepted
9404,A,M,Accepted
9405,C,F,Rejected
9411,C,M,Accepted
9414,C,M,Rejected
9415,E,M,Rejected
9426,F,M,Rejected
9427,C,F,Rejected
9428,D,M,Rejected
9429,B,M,Rejected
9433,F,M,Rejected
9435,B,M,Accepted
9438,C,F,Accepted
9440,F,F,Rejected
9442,A,M,Accepted
9444,C,M,Accepted
9446,F,F,Rejected
9447,D,F,Rejected
9448,B,M,Accepted
9450,D,M,Accepted
9452,C,F,Rejected
9453,E,F,Accepted
9455,A,M,Accepted
9460,B,M,Accepted
9461,A,M,Accepted
9464,E,F,Accepted
9466,F,M,Rejected
9470,D,M,Accepted
9471,B,M,Accepted
9472,A,M,Accepted
9476,E,F,Accepted
9477,D,F,Accepted
9478,A,F,Rejected
9479,A,M,Accepted
9480,C,M,Rejected
9481,E,F,Rejected
9483,A,M,Accepted
9484,F,F,Rejected
9487,B,M,Accepted
9490,F,F,Rejected
9498,E,M,Rejected
9503,E,F,Accepted
9505,D,F,Rejected
9506,C,M,Rejected
9507,A,M,Accepted
9513,D,M,Rejected
9515,A,M,Rejected
9517,F,F,Rejected
9519,C,M,Accepted
9523,B,M,Rejected
9526,F,M,Rejected
9527,B,M,Rejected
9528,C,M,Rejected
9530,A,M,Accepted
9531,A,M,Rejected
9532,E,F,Accepted
9540,B,M,Rejected
9542,B,M,Accepted
9547,E,M,Rejected
9549,A,M,Accepted
9550,C,M,Rejected
9553,C,M,Accepted
9558,C,F,Accepted
9559,F,F,Rejected
9562,A,M,Rejected
9566,D,F,Accepted
9567,D,M,Rejected
9570,A,M,Accepted
9571,F,F,Rejected
9574,D,F,Accepted
9581,B,M,Accepted
9582,D,M,Accepted
9584,A,M,Accepted
9586,D,M,Rejected
9588,A,M,Accepted
9592,F,F,Rejected
9593,C,F,Accepted
9594,B,M,Accepted
9596,D,M,Rejected
9600,D,M,Accepted
9601,F,M,Rejected
9604,A,M,Accepted
9605,B,M,Rejected
9612,C,F,Rejected
9616,E,F,Accepted
9618,D,M,Rejected
9620,F,F,Rejected
9621,A,M,Accepted
9622,E,M,Rejected
9623,D,F,Accepted
9624,E,F,Rejected
9627,C,F,Rejected
9628,D,F,Rejected
9629,A,M,Accepted
9633,E,M,Accepted
9637,C,F,Rejected
9638,C,F,Rejected
9643,F,M,Rejected
9645,F,M,Rejected
9646,C,F,Rejected
9647,E,M,Rejected
9648,D,F,Accepted
9650,C,F,Rejected
9656,A,M,Accepted
9657,D,F,Rejected
9662,F,M,Rejected
9663,B,M,Accepted
9665,C,M,Accepted
9666,C,M,Rejected
9668,E,F,Accepted
9671,F,M,Rejected
9673,E,F,Rejected
9676,C,F,Accepted
9677,B,M,Accepted
9678,B,M,Rejected
9679,B,F,Accepted
9688,B,M,Rejected
9689,E,F,Accepted
9690,B,F,Accepted
9691,E,M,Rejected
9692,D,F,Rejected
9694,D,F,Rejected
9695,A,M,Rejected
9699,C,M,Rejected
9700,C,F,Accepted
9709,E,F,Rejected
9710,A,M,Rejected
9711,B,M,Accepted
9717,B,M,Accepted
9721,B,M,Rejected
9724,A,M,Accepted
9726,C,F,Rejected
9727,D,F,Accepted
9728,F,F,Rejected
9729,B,M,Rejected
9731,C,M,Rejected
9732,D,F,Accepted
9733,A,F,Rejected
9739,F,F,Rejected
9742,A,F,Accepted
9744,A,M,Rejected
9745,E,F,Rejected
9746,C,F,Rejected
9749,E,F,Rejected
9750,C,F,Accepted
9753,D,M,Accepted
9758,C,M,Rejected
9765,A,M,Accepted
9766,F,F,Accepted
9767,B,M,Accepted
9768,D,M,Rejected
9771,F,F,Rejected
9773,A,M,Accepted
9775,C,M,Accepted
9778,C,F,Rejected
9782,C,F,Rejected
9783,A,M,Accepted
9792,B,M,Accepted
9794,D,F,Rejected
9795,F,F,Accepted
9799,C,M,Rejected
9800,A,M,Accepted
9806,A,M,Rejected
9808,F,M,Rejected
9811,E,F,Rejected
9813,E,F,Rejected
9816,D,M,Accepted
9818,C,F,Rejected
9832,C,M,Rejected
9834,C,F,Rejected
9835,B,M,Rejected
9837,E,M,Rejected
9838,A,M,Rejected
9846,E,F,Rejected
9847,A,M,Accepted
9849,A,M,Accepted
9858,F,M,Rejected
9860,C,M,Rejected
9861,F,M,Rejected
9862,B,M,Rejected
9864,A,M,Accepted
9871,A,M,Rejected
9872,C,M,Accepted
9876,A,M,Accepted
9877,E,F,Rejected
9883,F,M,Rejected
9886,D,M,Accepted
9891,D,M,Rejected
9893,C,F,Rejected
9897,F,M,Rejected
9899,C,F,Rejected
9902,E,M,Rejected
9910,F,M,Rejected
9911,E,F,Rejected
9912,B,M,Rejected
9914,B,M,Accepted
9918,C,F,Accepted
9926,C,F,Rejected
9927,E,F,Rejected
9930,C,F,Rejected
9933,E,F,Rejected
9935,C,F,Rejected
9941,C,M,Accepted
9943,A,M,Accepted
9944,C,F,Rejected
9945,B,M,Accepted
9946,C,F,Rejected
9951,D,F,Rejected
9952,B,M,Rejected
9954,C,F,Rejected
9956,B,M,Rejected
9958,F,F,Rejected
9961,D,M,Rejected
9963,A,M,Accepted
9969,A,M,Accepted
9971,F,M,Rejected
9973,E,M,Rejected
9975,F,F,Accepted
9981,A,M,Accepted
9988,E,F,Accepted
9991,A,M,Accepted
9992,A,M,Accepted
9993,F,M,Rejected
9994,A,M,Accepted
9997,A,M,Accepted
9998,B,M,Rejected
9999,B,M,Rejected
10000,A,M,Accepted
10002,D,F,Accepted
10004,F,M,Rejected
10006,F,M,Rejected
10013,E,M,Rejected
10016,A,M,Rejected
10019,C,M,Rejected
10020,A,M,Accepted
10024,C,F,Rejected
10025,A,M,Rejected
10031,F,M,Rejected
10040,C,F,Accepted
10044,D,F,Accepted
10047,A,M,Accepted
10053,A,M,Rejected
10054,D,F,Rejected
10057,B,M,Accepted
10058,A,M,Rejected
10063,F,M,Rejected
10065,D,F,Rejected
10072,A,M,Accepted
10073,E,F,Rejected
10075,B,M,Accepted
10078,B,M,Accepted
10080,F,F,Accepted
10081,B,M,Rejected
10082,C,M,Accepted
10083,B,M,Accepted
10084,D,M,Rejected
10085,C,F,Accepted
10087,E,F,Rejected
10088,A,F,Accepted
10093,D,M,Rejected
10094,F,F,Rejected
10096,F,F,Rejected
10097,F,M,Rejected
10098,D,F,Accepted
10099,B,M,Accepted
10103,A,M,Accepted
10104,A,M,Accepted
10106,C,M,Rejected
10109,D,F,Rejected
10110,F,F,Rejected
10112,C,F,Accepted
10115,E,F,Rejected
10118,A,M,Accepted
10127,B,M,Accepted
10131,D,F,Rejected
10135,D,F,Accepted
10139,E,F,Rejected
10143,A,M,Accepted
10144,F,M,Rejected
10146,F,M,Rejected
10147,D,M,Rejected
10149,B,M,Accepted
10150,F,M,Accepted
10152,A,M,Accepted
10160,A,F,Accepted
10161,B,M,Rejected
10163,E,M,Accepted
10164,D,M,Rejected
10169,A,M,Rejected
10171,A,M,Accepted
10178,C,F,Accepted
10181,A,M,Accepted
10182,F,M,Rejected
10183,C,F,Rejected
10188,E,F,Accepted
10189,F,F,Rejected
10193,A,M,Accepted
10194,A,M,Accepted
10197,B,M,Accepted
10198,D,M,Rejected
10199,F,F,Rejected
10200,A,M,Accepted
10212,E,F,Rejected
10213,A,M,Rejected
10214,C,F,Accepted
10217,B,M,Rejected
10221,C,F,Rejected
10224,D,F,Accepted
10228,D,F,Accepted
10229,D,M,Rejected
10230,D,M,Accepted
10234,F,F,Rejected
10235,D,F,Rejected
10237,C,F,Accepted
10239,C,F,Rejected
10243,A,M,Rejected
10245,C,M,Rejected
10249,A,M,Accepted
10255,B,M,Rejected
10256,A,M,Accepted
10257,B,M,Rejected
10263,C,F,Rejected
10264,A,M,Accepted
10265,A,M,Accepted
10273,E,F,Rejected
10274,A,M,Accepted
10277,B,M,Accepted
10280,E,F,Rejected
10284,A,M,Accepted
10286,D,M,Rejected
10289,E,F,Rejected
10290,A,M,Accepted
10294,C,F,Rejected
10305,D,M,Rejected
10307,B,M,Rejected
10312,A,M,Accepted
10320,A,F,Accepted
10335,D,F,Rejected
10338,F,M,Rejected
10343,C,F,Accepted
10345,A,M,Accepted
10347,F,M,Rejected
10348,A,M,Accepted
10350,A,M,Accepted
10351,A,M,Accepted
10353,D,F,Accepted
10354,A,M,Accepted
10355,F,M,Rejected
10357,F,F,Rejected
10363,E,M,Rejected
10369,A,M,Rejected
10371,A,M,Accepted
10374,C,F,Rejected
10377,D,M,Rejected
10381,C,F,Rejected
10382,D,F,Rejected
10383,B,M,Accepted
10391,D,M,Accepted
10394,C,M,Accepted
10397,A,M,Accepted
10404,B,M,Accepted
10405,A,M,Accepted
10408,A,M,Accepted
10409,F,F,Rejected
10410,D,M,Rejected
10415,A,M,Accepted
10418,F,M,Rejected
10419,A,M,Accepted
10420,F,F,Rejected
10421,C,M,Rejected
10422,F,M,Rejected
10425,A,M,Accepted
10429,F,M,Rejected
10431,B,M,Accepted
10433,E,F,Rejected
10435,E,M,Accepted
10438,B,M,Accepted
10440,C,F,Accepted
10441,A,F,Accepted
10442,F,F,Rejected
10443,F,M,Rejected
10444,A,M,Accepted
10445,A,F,Accepted
10449,A,M,Rejected
10451,F,M,Rejected
10456,F,F,Rejected
10463,C,F,Rejected
10475,D,F,Rejected
10476,B,M,Accepted
10477,A,M,Accepted
10479,E,F,Rejected
10484,C,F,Accepted
10487,B,M,Accepted
10488,E,M,Rejected
10490,F,F,Rejected
10494,D,M,Rejected
10497,E,M,Rejected
10502,D,M,Accepted
10503,A,M,Accepted
10504,A,M,Rejected
10510,F,M,Rejected
10511,C,M,Accepted
10512,C,F,Rejected
10513,E,F,Accepted
10515,C,F,Rejected
10516,C,F,Accepted
10518,B,M,Accepted
10522,E,F,Rejected
10523,C,F,Rejected
10524,E,M,Rejected
10528,F,F,Rejected
10531,B,M,Rejected
10533,B,F,Rejected
10534,B,M,Rejected
10536,D,F,Rejected
10537,F,F,Rejected
10538,E,F,Rejected
10539,C,F,Accepted
10543,D,M,Rejected
10545,B,M,Accepted
10546,C,M,Accepted
10555,F,M,Rejected
10559,C,M,Accepted
10562,F,M,Rejected
10567,C,F,Rejected
10570,C,F,Rejected
10571,B,M,Accepted
10572,B,M,Accepted
10573,B,F,Accepted
10576,F,F,Rejected
10579,D,F,Rejected
10582,A,M,Accepted
10583,A,F,Accepted
10587,F,F,Rejected
10589,E,F,Rejected
10590,E,F,Rejected
10595,A,M,Accepted
10596,D,M,Rejected
10600,A,M,Rejected
10604,D,F,Accepted
10609,B,M,Accepted
10610,C,F,Rejected
10613,C,M,Rejected
10621,B,M,Accepted
10623,C,F,Accepted
10624,B,M,Rejected
10626,E,M,Rejected
10628,C,F,Rejected
10634,E,F,Rejected
10636,F,M,Rejected
10642,A,M,Accepted
10643,A,M,Accepted
10645,E,F,Accepted
10649,A,M,Accepted
10655,D,M,Rejected
10656,A,M,Rejected
10663,A,M,Accepted
10665,A,M,Accepted
10668,C,M,Rejected
10669,D,M,Rejected
10671,D,M,Rejected
10673,D,M,Rejected
10677,B,M,Rejected
10678,E,F,Accepted
10682,E,F,Rejected
10684,C,F,Rejected
10686,D,M,Rejected
10689,D,M,Rejected
10691,C,M,Rejected
10692,C,M,Rejected
10694,E,F,Rejected
10697,D,M,Rejected
10698,F,F,Rejected
10699,D,F,Rejected
10703,A,M,Accepted
10704,A,M,Accepted
10706,C,F,Rejected
10707,A,M,Accepted
10716,C,F,Accepted
10720,C,F,Rejected
10726,A,M,Accepted
10728,A,M,Accepted
10732,B,M,Accepted
10733,B,M,Accepted
10738,D,M,Rejected
10742,B,M,Accepted
10744,C,M,Rejected
10745,D,M,Rejected
10747,F,M,Rejected
10748,A,M,Rejected
10749,A,F,Accepted
10751,B,M,Accepted
10755,A,M,Accepted
10756,C,F,Rejected
10764,B,M,Accepted
10767,E,F,Rejected
10768,A,M,Accepted
10769,A,M,Accepted
10770,A,M,Rejected
10772,B,M,Accepted
10774,B,M,Accepted
10777,D,M,Rejected
10785,E,F,Accepted
10786,E,F,Rejected
10788,C,M,Accepted
10794,E,F,Rejected
10795,B,M,Accepted
10799,A,M,Accepted
10800,D,F,Accepted
10801,C,F,Rejected
10803,C,F,Rejected
10804,D,F,Rejected
10806,F,M,Accepted
10807,C,F,Rejected
10809,D,F,Accepted
10812,D,F,Accepted
10815,F,M,Rejected
10817,A,M,Accepted
10822,E,F,Rejected
10829,B,F,Accepted
10831,B,M,Accepted
10832,B,M,Rejected
10836,A,M,Rejected
10837,C,F,Accepted
10838,C,F,Rejected
10844,C,F,Rejected
10845,B,M,Accepted
10847,C,M,Accepted
10849,E,F,Accepted
10851,C,M,Rejected
10859,A,M,Accepted
10860,E,F,Rejected
10868,A,M,Accepted
10869,D,F,Rejected
10873,E,M,Rejected
10875,F,M,Accepted
10877,D,F,Accepted
10878,A,M,Accepted
10879,A,M,Rejected
10881,C,F,Rejected
10882,C,F,Rejected
10883,A,F,Accepted
10884,C,F,Rejected
10888,F,F,Rejected
10891,A,M,Accepted
10893,C,M,Rejected
10898,C,F,Rejected
10900,A,M,Accepted
10901,B,M,Accepted
10903,F,M,Rejected
10908,A,M,Rejected
10909,C,F,Rejected
10910,A,M,Accepted
10912,E,M,Rejected
10915,A,M,Accepted
10918,D,F,Rejected
10919,A,M,Accepted
10933,D,M,Rejected
10934,B,M,Rejected
10935,F,M,Rejected
10938,F,F,Rejected
10942,F,F,Rejected
10943,A,M,Accepted
10945,A,M,Accepted
10948,A,M,Accepted
10950,B,M,Accepted
10951,D,F,Rejected
10959,A,M,Accepted
10960,C,F,Rejected
10961,C,M,Rejected
10966,C,M,Rejected
10967,A,M,Accepted
10970,E,F,Accepted
10973,D,M,Rejected
10974,E,F,Rejected
10975,E,F,Rejected
10979,A,M,Accepted
10982,A,M,Accepted
10985,F,F,Rejected
10988,E,M,Rejected
10989,D,M,Rejected
10990,C,F,Rejected
10991,C,F,Rejected
10993,A,M,Rejected
10998,D,M,Rejected
11000,A,M,Rejected
11004,C,F,Accepted
11006,F,M,Accepted
11007,A,M,Accepted
11009,D,M,Accepted
11010,E,F,Rejected
11014,C,M,Rejected
11016,D,F,Rejected
11018,E,F,Rejected
11021,B,M,Accepted
11023,B,M,Rejected
11028,C,M,Rejected
11034,C,F,Rejected
11038,F,M,Rejected
11040,D,F,Accepted
11042,C,F,Rejected
11045,A,M,Accepted
11047,B,M,Rejected
11048,B,M,Rejected
11052,D,F,Rejected
11056,E,M,Rejected
11057,F,F,Rejected
11063,D,M,Rejected
11064,C,M,Rejected
11072,A,M,Accepted
11076,E,F,Rejected
11077,D,F,Rejected
11078,D,F,Rejected
11080,A,M,Accepted
11082,D,F,Rejected
11083,D,M,Rejected
11084,C,F,Rejected
11087,B,M,Rejected
11089,D,M,Accepted
11093,A,F,Rejected
11094,F,F,Rejected
11098,B,M,Rejected
11102,B,M,Accepted
11104,C,M,Rejected
11109,E,M,Rejected
11110,E,F,Rejected
11116,A,M,Accepted
11117,B,M,Rejected
11118,B,M,Accepted
11120,F,F,Rejected
11124,A,M,Accepted
11126,F,M,Rejected
11128,A,M,Rejected
11129,A,F,Accepted
11130,E,F,Rejected
11131,E,F,Rejected
11138,B,M,Accepted
11140,F,F,Rejected
11146,A,M,Accepted
11147,F,M,Rejected
11148,E,F,Rejected
11151,F,F,Rejected
11155,A,F,Rejected
11156,F,M,Rejected
11159,B,M,Accepted
11160,D,F,Rejected
11162,E,F,Accepted
11163,C,F,Rejected
11166,A,F,Accepted
11169,A,M,Accepted
11175,A,M,Rejected
11177,D,M,Rejected
11178,D,M,Rejected
11180,C,M,Accepted
11181,D,F,Rejected
11188,D,F,Rejected
11190,A,M,Rejected
11193,C,F,Rejected
11198,D,F,Accepted
11200,D,F,Accepted
11204,F,F,Rejected
11205,A,M,Accepted
11209,C,F,Accepted
11211,E,F,Rejected
11212,A,M,Accepted
11214,C,F,Rejected
11217,F,M,Rejected
11219,E,F,Rejected
11221,E,F,Rejected
11224,A,M,Rejected
11229,A,M,Accepted
11232,C,F,Rejected
11235,D,M,Accepted
11236,F,F,Rejected
11237,B,M,Rejected
11238,C,M,Accepted
11239,F,F,Rejected
11244,C,M,Rejected
11253,A,M,Accepted
11254,A,M,Accepted
11256,B,M,Accepted
11258,D,F,Rejected
11259,C,M,Rejected
11260,A,M,Rejected
11261,A,M,Rejected
11262,B,M,Accepted
11263,E,F,Accepted
11267,A,M,Accepted
11268,C,M,Rejected
11274,E,F,Accepted
11275,A,M,Accepted
11279,E,F,Accepted
11280,A,M,Accepted
11282,C,F,Rejected
11285,F,M,Rejected
11287,F,F,Rejected
11288,F,F,Rejected
11289,A,M,Rejected
11290,D,F,Rejected
11294,C,F,Rejected
11298,C,F,Rejected
11299,D,F,Rejected
11301,C,F,Rejected
11302,B,M,Rejected
11308,A,M,Accepted
11313,A,M,Accepted
11315,A,M,Accepted
11317,A,M,Accepted
11319,C,M,Accepted
11320,A,M,Accepted
11323,B,M,Accepted
11324,D,F,Accepted
11325,F,M,Rejected
11326,E,F,Rejected
11328,F,M,Rejected
11329,A,M,Accepted
11330,A,F,Accepted
11331,B,M,Rejected
11333,D,F,Rejected
11335,C,F,Accepted
11336,D,M,Rejected
11343,A,M,Accepted
11345,A,M,Accepted
11347,A,M,Rejected
11351,C,M,Rejected
11357,F,F,Rejected
11360,A,M,Accepted
11363,C,M,Rejected
11365,C,M,Rejected
11366,B,M,Rejected
11367,C,F,Rejected
11372,A,M,Accepted
11376,C,F,Rejected
11379,B,M,Rejected
11381,E,M,Rejected
11384,B,M,Accepted
11385,A,M,Accepted
11386,E,F,Rejected
11387,C,F,Rejected
11388,D,F,Rejected
11389,C,F,Rejected
11393,B,M,Rejected
11394,D,F,Rejected
11396,C,F,Rejected
11397,B,M,Accepted
11400,B,M,Accepted
11404,F,F,Rejected
11406,D,F,Accepted
11407,D,M,Rejected
11408,C,M,Rejected
11410,C,F,Accepted
11414,A,M,Rejected
11418,C,F,Rejected
11421,B,M,Accepted
11423,F,M,Rejected
11431,C,F,Accepted
11432,D,F,Rejected
11433,C,F,Rejected
11434,F,M,Rejected
11438,D,M,Accepted
11446,A,M,Accepted
11448,F,M,Rejected
11456,B,M,Accepted
11457,C,M,Rejected
11459,D,M,Accepted
11460,D,M,Accepted
11462,B,M,Accepted
11463,B,M,Accepted
11464,F,M,Rejected
11467,A,M,Accepted
11468,D,M,Rejected
11470,D,F,Accepted
11472,F,F,Rejected
11475,F,F,Rejected
11476,A,M,Rejected
11479,C,M,Rejected
11480,D,F,Accepted
11481,B,M,Rejected
11485,F,F,Rejected
11490,A,M,Rejected
11491,A,M,Accepted
11492,A,M,Accepted
11493,F,F,Rejected
11496,B,M,Accepted
11497,A,M,Accepted
11501,A,M,Accepted
11504,F,F,Rejected
11509,A,M,Accepted
11511,C,F,Accepted
11514,C,F,Rejected
11515,E,M,Rejected
11516,E,F,Rejected
11517,C,F,Accepted
11518,D,F,Accepted
11520,D,M,Rejected
11523,A,M,Accepted
11527,E,M,Rejected
11528,E,F,Rejected
11533,D,M,Rejected
11534,D,M,Rejected
11536,E,M,Rejected
11538,E,F,Accepted
11539,D,F,Rejected
11542,B,M,Accepted
11543,A,M,Rejected
11546,C,F,Accepted
11550,A,F,Accepted
11553,A,M,Rejected
11561,A,M,Accepted
11564,D,M,Accepted
11571,F,F,Rejected
11574,B,M,Rejected
11575,D,M,Rejected
11577,A,M,Rejected
11578,A,M,Rejected
11579,B,M,Accepted
11580,E,M,Rejected
11581,A,M,Accepted
11582,C,M,Rejected
11590,C,M,Rejected
11592,B,M,Accepted
11593,B,M,Rejected
11596,B,M,Accepted
11600,A,M,Rejected
11608,B,M,Rejected
11615,F,F,Rejected
11616,A,M,Accepted
11617,A,M,Rejected
11618,F,F,Rejected
11619,F,M,Rejected
11620,A,M,Accepted
11621,F,F,Rejected
11622,A,M,Accepted
11625,C,M,Rejected
11629,A,M,Accepted
11631,F,F,Rejected
11633,A,M,Accepted
11635,D,F,Accepted
11639,D,F,Accepted
11640,A,M,Accepted
11642,F,F,Rejected
11644,D,F,Rejected
11645,B,M,Accepted
11646,C,F,Rejected
11651,C,F,Rejected
11652,E,M,Accepted
11657,F,F,Rejected
11661,A,M,Accepted
11662,C,M,Rejected
11663,A,M,Accepted
11665,A,M,Accepted
11669,C,F,Rejected
11671,A,M,Accepted
11673,F,F,Rejected
11675,B,M,Rejected
11678,C,F,Rejected
11680,D,F,Accepted
11684,A,M,Accepted
11686,A,F,Accepted
11694,A,F,Accepted
11695,D,F,Rejected
11698,C,M,Accepted
11702,D,F,Rejected
11704,B,M,Accepted
11706,C,M,Rejected
11709,F,F,Rejected
11710,A,M,Rejected
11712,A,M,Rejected
11714,D,F,Rejected
11715,E,F,Rejected
11721,F,F,Rejected
11723,A,M,Accepted
11725,B,M,Accepted
11726,A,M,Rejected
11728,F,M,Rejected
11730,D,M,Accepted
11733,D,M,Rejected
11734,E,M,Rejected
11735,D,M,Rejected
11737,A,M,Accepted
11745,B,M,Accepted
11747,D,M,Rejected
11749,D,M,Rejected
11756,D,M,Rejected
11758,B,M,Accepted
11760,C,M,Accepted
11763,E,M,Rejected
11765,C,F,Rejected
11766,B,M,Rejected
11768,A,F,Accepted
11775,A,M,Accepted
11776,E,F,Rejected
11779,D,M,Rejected
11786,D,F,Rejected
11791,C,M,Rejected
11793,D,F,Accepted
11796,F,M,Rejected
11798,A,M,Accepted
11804,A,M,Accepted
11806,A,M,Accepted
11807,E,F,Rejected
11808,D,M,Rejected
11810,D,M,Accepted
11813,A,M,Rejected
11815,F,F,Rejected
11819,F,F,Accepted
11824,E,F,Rejected
11829,C,F,Rejected
11833,B,M,Accepted
11835,C,F,Rejected
11836,B,M,Accepted
11839,A,M,Rejected
11843,A,F,Accepted
11852,D,M,Rejected
11855,F,M,Rejected
11857,C,F,Rejected
11863,E,F,Rejected
11865,D,M,Accepted
11866,E,M,Accepted
11867,C,M,Rejected
11868,C,M,Rejected
11873,B,M,Accepted
11875,E,F,Rejected
11877,A,M,Rejected
11880,C,M,Rejected
11881,A,M,Accepted
11885,E,F,Rejected
11897,B,M,Rejected
11898,A,M,Accepted
11901,C,F,Rejected
11904,A,M,Rejected
11908,A,M,Accepted
11910,F,M,Rejected
11915,D,M,Rejected
11917,F,F,Rejected
11919,D,F,Accepted
11926,A,F,Rejected
11931,E,F,Rejected
11934,E,F,Accepted
11939,A,M,Accepted
11945,C,F,Accepted
11946,E,F,Rejected
11949,E,M,Rejected
11950,C,M,Rejected
11952,C,M,Rejected
11954,C,M,Rejected
11959,F,F,Rejected
11962,C,F,Rejected
11969,C,M,Rejected
11971,C,M,Accepted
11972,A,M,Accepted
11973,D,F,Accepted
11974,B,M,Rejected
11979,F,M,Rejected
11980,C,F,Accepted
11981,A,M,Rejected
11982,A,M,Accepted
11984,A,M,Rejected
11987,C,F,Rejected
11990,A,M,Accepted
11991,F,M,Rejected
11994,D,F,Accepted
11998,D,M,Rejected
12003,A,M,Rejected
12007,C,F,Accepted
12012,D,M,Accepted
12013,C,F,Rejected
12014,D,F,Accepted
12016,B,M,Accepted
12023,A,M,Accepted
12028,C,F,Rejected
12031,C,F,Rejected
12032,D,F,Rejected
12034,D,F,Rejected
12035,D,M,Rejected
12037,B,M,Accepted
12039,D,M,Rejected
12040,B,M,Rejected
12041,F,M,Rejected
12042,E,M,Rejected
12045,F,F,Rejected
12051,A,M,Rejected
12054,D,M,Rejected
12055,D,M,Accepted
12057,B,M,Accepted
12061,F,M,Rejected
12063,D,F,Rejected
12065,A,M,Accepted
12068,A,F,Accepted
12069,D,M,Accepted
12076,D,F,Rejected
12077,A,M,Accepted
12080,D,M,Rejected
12083,E,F,Rejected
12084,C,M,Accepted
12085,F,M,Rejected
12086,E,M,Rejected
12087,B,M,Accepted
12096,C,F,Rejected
12098,B,M,Accepted
12099,D,F,Rejected
12100,A,M,Accepted
12107,D,F,Rejected
12110,D,M,Rejected
12120,D,M,Rejected
12123,E,M,Rejected
12128,D,M,Rejected
12130,A,M,Rejected
12136,C,F,Accepted
12145,A,M,Rejected
12148,A,M,Rejected
12149,A,M,Rejected
12150,A,M,Rejected
12151,A,M,Rejected
12152,A,M,Accepted
12155,D,F,Rejected
12158,A,M,Accepted
12159,D,F,Rejected
12160,F,F,Rejected
12164,C,F,Rejected
12165,D,M,Accepted
12166,C,F,Rejected
12168,A,M,Accepted
12169,C,M,Accepted
12172,D,M,Rejected
12175,C,F,Rejected
12178,A,M,Accepted
12181,A,M,Accepted
12186,D,F,Rejected
12189,C,F,Rejected
12190,E,F,Rejected
12191,C,F,Rejected
12194,D,M,Rejected
12196,C,M,Rejected
12197,F,M,Rejected
12201,A,M,Accepted
12202,D,F,Rejected
12203,C,F,Rejected
12204,B,M,Accepted
12206,B,M,Accepted
12207,C,F,Rejected
12208,C,M,Rejected
12210,F,M,Rejected
12216,A,M,Rejected
12217,A,M,Accepted
12218,E,F,Rejected
12221,B,M,Rejected
12224,F,M,Rejected
12225,A,M,Accepted
12227,A,M,Rejected
12229,C,F,Rejected
12230,F,M,Rejected
12232,B,M,Rejected
12233,A,M,Rejected
12234,D,M,Accepted
12241,A,M,Accepted
12242,A,M,Accepted
12246,A,M,Accepted
12247,D,M,Rejected
12249,D,M,Accepted
12250,F,F,Rejected
12251,B,M,Accepted
12252,F,F,Rejected
12255,D,M,Rejected
12256,E,M,Rejected
12260,C,F,Rejected
12261,A,M,Accepted
12262,A,M,Accepted
12263,F,F,Rejected
12264,F,F,Rejected
12265,E,F,Rejected
12267,D,F,Accepted
12269,C,M,Rejected
12271,C,F,Rejected
12272,D,F,Accepted
12273,C,M,Accepted
12275,E,M,Rejected
12276,B,M,Rejected
12279,E,F,Rejected
12280,C,M,Rejected
12288,E,F,Accepted
12290,A,M,Accepted
12296,C,F,Rejected
12297,F,M,Rejected
12298,C,F,Accepted
12304,E,F,Accepted
12306,A,M,Accepted
12308,B,M,Accepted
12310,E,M,Accepted
12312,B,M,Accepted
12315,A,M,Accepted
12318,E,M,Rejected
12321,C,F,Accepted
12322,D,M,Rejected
12324,C,F,Accepted
12330,D,M,Accepted
12331,B,M,Accepted
12332,E,M,Rejected
12333,E,F,Accepted
12338,F,M,Rejected
12339,C,F,Rejected
12342,E,M,Rejected
12348,A,M,Accepted
12349,E,F,Rejected
12355,A,M,Rejected
12356,E,F,Rejected
12361,C,M,Rejected
12364,A,M,Accepted
12365,E,F,Rejected
12369,C,F,Rejected
12372,E,M,Rejected
12377,A,M,Accepted
12378,E,M,Rejected
12379,E,F,Rejected
12381,E,F,Rejected
12382,E,M,Rejected
12386,D,F,Rejected
12387,F,F,Rejected
12391,A,M,Rejected
12393,C,F,Rejected
12396,D,F,Accepted
12397,D,F,Rejected
12399,B,M,Accepted
12401,E,M,Rejected
12403,F,F,Rejected
12408,B,M,Accepted
12409,B,M,Accepted
12411,B,M,Rejected
12412,A,M,Accepted
12418,E,F,Accepted
12421,C,F,Accepted
12425,D,M,Accepted
12427,E,M,Rejected
12430,C,M,Accepted
12432,A,M,Accepted
12436,A,M,Rejected
12438,A,M,Accepted
12446,A,M,Rejected
12448,B,M,Rejected
12451,A,M,Accepted
12452,C,M,Accepted
12456,A,M,Rejected
12457,E,F,Rejected
12460,F,F,Rejected
12465,F,F,Accepted
12470,E,M,Rejected
12471,D,F,Rejected
12473,E,F,Rejected
12474,F,F,Rejected
12478,C,F,Rejected
12479,E,F,Rejected
12480,C,M,Accepted
12481,F,M,Rejected
12483,C,F,Accepted
12484,D,M,Rejected
12489,A,M,Rejected
12490,D,F,Accepted
12492,C,M,Accepted
12497,D,M,Rejected
12499,B,M,Rejected
12500,F,M,Rejected
12503,F,F,Rejected
12505,B,M,Accepted
12506,F,F,Rejected
12510,D,M,Accepted
12511,A,M,Accepted
12513,B,M,Rejected
12515,D,M,Rejected
12516,F,F,Rejected
12517,B,M,Rejected
12518,D,F,Accepted
12520,A,M,Accepted
12522,A,M,Rejected
12525,B,M,Rejected
12528,A,M,Accepted
12529,C,F,Rejected
12531,F,M,Rejected
12532,D,F,Rejected
12535,A,M,Accepted
12536,E,F,Rejected
12538,F,F,Rejected
12541,A,F,Accepted
12542,D,M,Accepted
12543,C,M,Rejected
12544,E,F,Rejected
12546,F,M,Rejected
12549,A,M,Rejected
12553,C,M,Rejected
12558,D,M,Accepted
12559,D,M,Accepted
12560,F,M,Rejected
12561,D,M,Rejected
12564,B,M,Rejected
12565,E,F,Rejected
12566,A,M,Rejected
12570,A,M,Accepted
12571,A,M,Accepted
12573,B,M,Accepted
12574,A,M,Accepted
12580,C,M,Rejected
12581,F,M,Accepted
12582,A,F,Accepted
12583,E,F,Rejected
12584,D,M,Accepted
12591,B,M,Accepted
12592,B,M,Accepted
12593,E,F,Accepted
12594,A,M,Accepted
12595,C,F,Accepted
12600,D,M,Accepted
12605,A,M,Rejected
12606,D,F,Accepted
12607,E,F,Rejected
12620,D,M,Rejected
12621,A,M,Accepted
12624,C,F,Rejected
12625,B,M,Accepted
12630,A,M,Accepted
12644,C,F,Rejected
12647,A,F,Accepted
12650,A,M,Accepted
12652,A,M,Accepted
12653,D,F,Accepted
12658,B,M,Rejected
12659,F,F,Rejected
12663,B,M,Accepted
12665,A,M,Rejected
12667,D,F,Rejected
12671,A,M,Accepted
12673,B,M,Accepted
12675,D,F,Rejected
12676,F,M,Rejected
12682,A,M,Rejected
12685,F,F,Rejected
12686,C,F,Rejected
12688,B,M,Accepted
12689,A,M,Accepted
12691,E,F,Rejected
12695,A,M,Accepted
12696,D,F,Accepted
12698,D,F,Rejected
12700,C,F,Accepted
12707,A,M,Accepted
12709,C,F,Rejected
12717,F,M,Rejected
12722,A,M,Accepted
12725,A,F,Accepted
12732,B,M,Rejected
12733,E,F,Accepted
12734,A,M,Accepted
12736,C,M,Accepted
12740,D,M,Rejected
12743,B,F,Accepted
12744,D,F,Accepted
12746,F,M,Rejected
12747,A,M,Accepted
12748,F,M,Rejected
12752,A,M,Accepted
12754,A,M,Accepted
12759,D,M,Accepted
